"Date","Price","Open","High","Low","Vol.","Change %"
"03/02/2026","1,466.51","1,491.91","1,515.99","1,466.51","16.11B","-4.04%"
"02/27/2026","1,528.26","1,522.56","1,545.31","1,520.90","12.31B","-0.35%"
"02/26/2026","1,533.64","1,528.03","1,535.88","1,519.20","10.66B","1.16%"
"02/25/2026","1,516.01","1,505.72","1,522.70","1,502.67","12.34B","1.72%"
"02/24/2026","1,490.40","1,481.78","1,492.62","1,468.00","10.97B","0.69%"
"02/23/2026","1,480.24","1,488.27","1,506.08","1,468.02","12.24B","0.04%"
"02/20/2026","1,479.71","1,491.68","1,495.44","1,474.07","12.23B","-0.95%"
"02/19/2026","1,493.91","1,473.24","1,496.61","1,471.12","12.54B","1.86%"
"02/18/2026","1,466.67","1,462.82","1,470.83","1,456.90","10.37B","0.48%"
"02/17/2026","1,459.68","1,437.73","1,460.57","1,433.91","10.05B","1.50%"
"02/16/2026","1,438.09","1,441.30","1,447.68","1,432.74","8.09B","0.54%"
"02/13/2026","1,430.41","1,437.01","1,443.97","1,426.41","11.49B","-0.77%"
"02/12/2026","1,441.53","1,413.90","1,441.53","1,412.45","11.67B","2.11%"
"02/11/2026","1,411.70","1,411.75","1,418.23","1,408.69","8.89B","0.09%"
"02/10/2026","1,410.44","1,412.32","1,414.95","1,402.29","9.31B","0.68%"
"02/09/2026","1,400.89","1,390.57","1,407.74","1,384.61","13.90B","3.46%"
"02/06/2026","1,354.01","1,342.31","1,361.52","1,341.55","7.38B","0.58%"
"02/05/2026","1,346.23","1,344.20","1,351.98","1,338.32","8.45B","-0.02%"
"02/04/2026","1,346.54","1,338.78","1,347.42","1,337.87","8.05B","0.78%"
"02/03/2026","1,336.11","1,330.41","1,348.76","1,328.27","8.72B","1.11%"
"02/02/2026","1,321.42","1,321.15","1,324.45","1,308.04","6.93B","-0.32%"
"01/30/2026","1,325.62","1,325.14","1,331.62","1,322.35","6.59B","-0.41%"
"01/29/2026","1,331.07","1,338.41","1,342.19","1,326.83","6.82B","-0.58%"
"01/28/2026","1,338.90","1,340.44","1,344.87","1,331.70","6.79B","0.33%"
"01/27/2026","1,334.45","1,310.29","1,336.50","1,308.14","7.41B","2.09%"
"01/26/2026","1,307.07","1,312.71","1,313.06","1,302.74","6.91B","-0.56%"
"01/23/2026","1,314.39","1,313.00","1,323.57","1,309.65","7.56B","0.21%"
"01/22/2026","1,311.64","1,320.23","1,327.91","1,305.21","9.56B","-0.45%"
"01/21/2026","1,317.56","1,300.71","1,320.09","1,299.64","8.85B","1.63%"
"01/20/2026","1,296.37","1,283.91","1,306.15","1,283.48","8.43B","1.03%"
"01/19/2026","1,283.20","1,273.96","1,288.23","1,271.80","6.68B","0.60%"
"01/16/2026","1,275.60","1,261.78","1,278.55","1,257.85","7.48B","1.13%"
"01/15/2026","1,261.39","1,241.07","1,262.83","1,236.86","7.86B","1.37%"
"01/14/2026","1,244.30","1,239.65","1,247.30","1,235.86","5.97B","0.73%"
"01/13/2026","1,235.30","1,249.49","1,251.04","1,232.40","6.28B","-0.56%"
"01/12/2026","1,242.20","1,258.20","1,259.68","1,241.47","6.01B","-0.95%"
"01/09/2026","1,254.09","1,255.84","1,265.09","1,251.95","5.27B","0.04%"
"01/08/2026","1,253.60","1,263.12","1,268.61","1,251.40","5.57B","-2.13%"
"01/07/2026","1,280.82","1,273.68","1,281.04","1,272.83","6.94B","0.48%"
"01/06/2026","1,274.75","1,280.42","1,282.43","1,270.50","5.84B","-0.41%"
"01/05/2026","1,280.05","1,271.72","1,287.47","1,269.69","6.72B","1.62%"
"12/30/2025","1,259.67","1,251.35","1,260.47","1,251.35","5.33B","0.45%"
"12/29/2025","1,254.03","1,258.71","1,260.67","1,246.83","4.49B","-0.41%"
"12/26/2025","1,259.25","1,265.16","1,267.30","1,256.35","3.72B","-0.44%"
"12/25/2025","1,264.77","1,274.72","1,274.92","1,262.41","3.69B","-0.83%"
"12/24/2025","1,275.33","1,272.58","1,275.33","1,269.02","5.16B","0.33%"
"12/23/2025","1,271.11","1,272.42","1,278.12","1,268.97","5.97B","0.11%"
"12/22/2025","1,269.68","1,261.50","1,270.16","1,258.74","5.79B","1.40%"
"12/19/2025","1,252.19","1,254.32","1,257.50","1,248.35","5.48B","0.17%"
"12/18/2025","1,250.07","1,258.50","1,262.63","1,243.94","6.85B","-0.54%"
"12/17/2025","1,256.85","1,261.85","1,265.17","1,255.12","6.01B","-0.30%"
"12/16/2025","1,260.68","1,269.07","1,269.07","1,258.54","5.61B","-1.00%"
"12/15/2025","1,273.40","1,249.72","1,273.40","1,248.07","6.27B","1.54%"
"12/12/2025","1,254.10","1,255.75","1,263.34","1,252.65","8.30B","0.04%"
"12/11/2025","1,253.54","1,274.50","1,274.50","1,250.29","5.35B","-1.29%"
"12/09/2025","1,269.87","1,263.29","1,269.87","1,262.67","4.34B","0.67%"
"12/08/2025","1,261.39","1,274.23","1,279.54","1,258.47","5.67B","-0.97%"
"12/04/2025","1,273.77","1,279.04","1,284.32","1,270.89","5.49B","-0.08%"
"12/03/2025","1,274.82","1,276.88","1,282.87","1,272.63","5.64B","-0.22%"
"12/02/2025","1,277.58","1,278.75","1,279.35","1,267.64","5.54B","0.08%"
"12/01/2025","1,276.57","1,259.02","1,278.63","1,257.22","7.27B","1.58%"
"11/28/2025","1,256.69","1,256.74","1,264.11","1,251.14","5.85B","0.32%"
"11/27/2025","1,252.71","1,264.36","1,264.79","1,251.94","4.92B","-0.67%"
"11/26/2025","1,261.18","1,274.24","1,274.61","1,259.33","6.38B","-0.60%"
"11/25/2025","1,268.78","1,260.97","1,270.32","1,256.73","6.48B","1.28%"
"11/24/2025","1,252.73","1,260.46","1,261.44","1,252.72","6.20B","-0.13%"
"11/21/2025","1,254.40","1,268.21","1,272.31","1,248.89","7.19B","-2.14%"
"11/20/2025","1,281.81","1,282.63","1,294.45","1,278.44","7.14B","0.76%"
"11/19/2025","1,272.17","1,272.04","1,275.60","1,263.22","6.25B","0.17%"
"11/18/2025","1,270.04","1,268.57","1,277.73","1,267.08","6.24B","-0.78%"
"11/17/2025","1,280.07","1,268.12","1,282.03","1,262.93","6.20B","0.85%"
"11/14/2025","1,269.26","1,278.55","1,286.71","1,263.62","6.96B","-1.41%"
"11/13/2025","1,287.44","1,288.64","1,292.42","1,282.06","7.00B","0.20%"
"11/12/2025","1,284.81","1,303.71","1,303.71","1,284.80","7.24B","-1.20%"
"11/11/2025","1,300.47","1,307.70","1,309.86","1,297.63","6.57B","-0.44%"
"11/10/2025","1,306.26","1,306.97","1,310.71","1,299.29","6.31B","0.26%"
"11/07/2025","1,302.91","1,309.55","1,314.63","1,302.46","5.46B","-0.79%"
"11/06/2025","1,313.31","1,303.50","1,316.59","1,298.64","6.86B","1.39%"
"11/05/2025","1,295.29","1,286.39","1,301.06","1,283.13","7.43B","-0.25%"
"11/04/2025","1,298.60","1,306.19","1,313.40","1,296.03","7.22B","-0.78%"
"11/03/2025","1,308.86","1,315.69","1,317.48","1,304.72","5.70B","-0.05%"
"10/31/2025","1,309.50","1,308.03","1,318.33","1,304.11","6.43B","-0.39%"
"10/30/2025","1,314.65","1,308.07","1,320.23","1,302.30","9.72B","-0.08%"
"10/29/2025","1,315.64","1,315.68","1,321.79","1,312.80","5.55B","0.10%"
"10/28/2025","1,314.28","1,328.91","1,331.69","1,311.41","7.63B","-0.70%"
"10/27/2025","1,323.52","1,324.15","1,345.86","1,322.91","8.72B","0.73%"
"10/24/2025","1,313.91","1,308.81","1,321.57","1,305.49","8.17B","0.89%"
"10/22/2025","1,302.35","1,292.11","1,311.24","1,287.29","8.77B","0.90%"
"10/21/2025","1,290.72","1,290.42","1,295.11","1,286.83","6.78B","0.49%"
"10/20/2025","1,284.47","1,285.91","1,289.65","1,281.80","6.02B","0.77%"
"10/17/2025","1,274.61","1,282.34","1,289.73","1,274.10","8.32B","-1.30%"
"10/16/2025","1,291.46","1,292.57","1,299.43","1,286.60","6.73B","0.37%"
"10/15/2025","1,286.69","1,276.88","1,289.09","1,274.21","8.32B","1.60%"
"10/14/2025","1,266.38","1,287.24","1,291.20","1,266.38","10.14B","-1.60%"
"10/10/2025","1,286.98","1,291.07","1,296.55","1,282.47","7.09B","-2.06%"
"10/09/2025","1,313.99","1,309.57","1,317.88","1,309.01","8.65B","0.70%"
"10/08/2025","1,304.92","1,305.12","1,314.07","1,303.48","7.98B","-0.02%"
"10/07/2025","1,305.24","1,293.68","1,310.68","1,291.90","7.95B","1.52%"
"10/06/2025","1,285.64","1,296.29","1,299.24","1,285.64","7.20B","-0.62%"
"10/03/2025","1,293.61","1,290.33","1,300.05","1,286.27","8.05B","0.41%"
"10/02/2025","1,288.29","1,284.75","1,294.14","1,282.95","8.28B","1.04%"
"10/01/2025","1,275.03","1,272.46","1,280.81","1,271.78","7.11B","0.07%"
"09/30/2025","1,274.17","1,286.40","1,290.54","1,270.42","9.58B","-1.08%"
"09/29/2025","1,288.07","1,285.71","1,292.24","1,278.90","7.22B","0.73%"
"09/26/2025","1,278.74","1,285.45","1,288.13","1,278.20","6.66B","-0.74%"
"09/25/2025","1,288.26","1,280.79","1,289.71","1,279.11","7.24B","0.77%"
"09/24/2025","1,278.41","1,273.50","1,282.19","1,268.49","8.20B","0.41%"
"09/23/2025","1,273.20","1,284.99","1,290.84","1,272.68","9.23B","-0.73%"
"09/22/2025","1,282.54","1,294.69","1,296.42","1,282.54","8.17B","-0.79%"
"09/19/2025","1,292.72","1,299.85","1,302.49","1,292.41","9.91B","-0.33%"
"09/18/2025","1,297.01","1,312.15","1,312.74","1,292.73","10.92B","-0.74%"
"09/17/2025","1,306.69","1,308.73","1,311.80","1,304.67","10.22B","-0.11%"
"09/16/2025","1,308.19","1,304.37","1,309.90","1,303.29","9.32B","0.65%"
"09/15/2025","1,299.78","1,294.59","1,300.60","1,287.94","8.09B","0.48%"
"09/12/2025","1,293.62","1,295.44","1,299.19","1,289.31","7.97B","0.43%"
"09/11/2025","1,288.03","1,279.48","1,291.64","1,279.48","9.94B","0.78%"
"09/10/2025","1,278.05","1,279.02","1,281.19","1,274.39","9.73B","0.15%"
"09/09/2025","1,276.08","1,269.31","1,276.08","1,266.58","10.83B","0.79%"
"09/08/2025","1,266.11","1,273.62","1,276.15","1,264.79","10.73B","0.10%"
"09/05/2025","1,264.80","1,258.62","1,270.31","1,255.71","11.43B","0.98%"
"09/04/2025","1,252.55","1,262.38","1,270.74","1,250.86","9.82B","-0.54%"
"09/03/2025","1,259.31","1,250.79","1,261.85","1,249.91","10.82B","0.84%"
"09/02/2025","1,248.78","1,248.59","1,253.60","1,243.48","8.23B","0.35%"
"09/01/2025","1,244.48","1,234.94","1,246.58","1,230.55","7.45B","0.64%"
"08/29/2025","1,236.61","1,248.32","1,255.84","1,236.61","10.93B","-1.08%"
"08/28/2025","1,250.09","1,247.76","1,255.44","1,246.00","7.93B","0.17%"
"08/27/2025","1,248.03","1,253.41","1,260.75","1,246.86","8.00B","-0.26%"
"08/26/2025","1,251.26","1,255.95","1,262.93","1,249.45","9.80B","-0.90%"
"08/25/2025","1,262.67","1,264.69","1,268.13","1,260.76","8.60B","0.74%"
"08/22/2025","1,253.39","1,247.25","1,257.99","1,245.30","8.21B","0.69%"
"08/21/2025","1,244.79","1,252.61","1,254.52","1,243.53","10.12B","-0.27%"
"08/20/2025","1,248.13","1,234.49","1,251.14","1,228.43","10.93B","1.00%"
"08/19/2025","1,235.76","1,238.85","1,248.40","1,235.76","8.50B","-0.53%"
"08/18/2025","1,242.31","1,260.23","1,260.23","1,242.31","8.30B","-1.36%"
"08/15/2025","1,259.42","1,268.88","1,270.89","1,253.51","9.84B","-0.57%"
"08/14/2025","1,266.67","1,277.09","1,283.55","1,266.05","10.11B","-0.84%"
"08/13/2025","1,277.43","1,270.55","1,280.16","1,263.93","10.71B","1.46%"
"08/08/2025","1,259.07","1,260.48","1,266.01","1,253.24","9.14B","-0.48%"
"08/07/2025","1,265.15","1,270.44","1,280.78","1,260.31","11.80B","0.05%"
"08/06/2025","1,264.47","1,253.85","1,266.52","1,248.09","11.20B","1.40%"
"08/05/2025","1,246.96","1,235.13","1,250.36","1,233.44","9.71B","1.43%"
"08/04/2025","1,229.40","1,222.58","1,231.11","1,212.68","9.88B","0.91%"
"08/01/2025","1,218.33","1,252.50","1,255.39","1,217.37","10.67B","-1.93%"
"07/31/2025","1,242.35","1,241.79","1,251.16","1,229.76","10.64B","-0.14%"
"07/30/2025","1,244.14","1,236.01","1,245.44","1,234.21","10.94B","0.85%"
"07/29/2025","1,233.68","1,224.27","1,235.19","1,213.87","9.35B","1.36%"
"07/25/2025","1,217.15","1,205.25","1,218.71","1,204.70","8.42B","0.38%"
"07/24/2025","1,212.49","1,214.29","1,227.71","1,206.19","10.19B","-0.58%"
"07/23/2025","1,219.62","1,202.82","1,222.75","1,202.25","10.53B","2.34%"
"07/22/2025","1,191.75","1,209.57","1,213.24","1,191.65","9.49B","-1.36%"
"07/21/2025","1,208.13","1,213.52","1,217.83","1,199.54","8.68B","0.13%"
"07/18/2025","1,206.58","1,197.36","1,210.01","1,195.30","10.45B","0.71%"
"07/17/2025","1,198.11","1,163.90","1,199.14","1,162.70","12.05B","3.50%"
"07/16/2025","1,157.63","1,160.14","1,167.80","1,154.13","11.28B","-0.29%"
"07/15/2025","1,161.01","1,143.73","1,162.72","1,139.64","11.00B","1.55%"
"07/14/2025","1,143.31","1,122.39","1,143.31","1,121.64","8.08B","1.98%"
"07/11/2025","1,121.13","1,116.61","1,130.28","1,115.47","7.97B","0.97%"
"07/09/2025","1,110.40","1,115.58","1,120.45","1,108.09","6.83B","-0.47%"
"07/08/2025","1,115.65","1,112.39","1,121.37","1,110.16","8.20B","-0.65%"
"07/07/2025","1,123.00","1,113.36","1,123.00","1,107.46","8.95B","0.27%"
"07/04/2025","1,119.94","1,127.35","1,128.08","1,115.37","7.63B","-0.64%"
"07/03/2025","1,127.21","1,114.83","1,127.66","1,113.77","7.80B","1.03%"
"07/02/2025","1,115.69","1,107.13","1,115.69","1,103.99","7.26B","0.51%"
"07/01/2025","1,110.01","1,094.91","1,110.01","1,086.56","8.45B","1.88%"
"06/30/2025","1,089.56","1,089.01","1,094.77","1,080.92","7.90B","0.66%"
"06/27/2025","1,082.42","1,104.68","1,104.92","1,078.57","9.52B","-2.20%"
"06/26/2025","1,106.73","1,104.86","1,117.64","1,104.72","9.60B","-0.09%"
"06/25/2025","1,107.69","1,095.01","1,110.44","1,090.74","12.98B","0.70%"
"06/24/2025","1,100.01","1,076.27","1,100.01","1,074.96","9.95B","3.50%"
"06/23/2025","1,062.78","1,059.37","1,067.88","1,053.79","7.89B","-0.45%"
"06/20/2025","1,067.63","1,071.96","1,082.90","1,066.02","8.21B","-0.10%"
"06/19/2025","1,068.73","1,082.80","1,085.71","1,066.07","8.76B","-2.36%"
"06/18/2025","1,094.58","1,113.59","1,120.33","1,094.58","8.36B","-1.71%"
"06/17/2025","1,113.58","1,117.17","1,119.13","1,112.25","6.52B","-0.08%"
"06/16/2025","1,114.49","1,121.14","1,123.83","1,107.79","8.17B","-0.73%"
"06/13/2025","1,122.70","1,124.34","1,127.29","1,118.59","8.43B","-0.52%"
"06/12/2025","1,128.62","1,140.61","1,143.45","1,126.92","7.22B","-1.14%"
"06/11/2025","1,141.58","1,141.71","1,145.19","1,139.64","7.04B","0.21%"
"06/10/2025","1,139.16","1,134.82","1,144.40","1,134.82","8.27B","0.35%"
"06/09/2025","1,135.24","1,142.35","1,144.24","1,132.67","6.40B","-0.10%"
"06/06/2025","1,136.43","1,140.27","1,141.05","1,129.41","7.97B","-0.37%"
"06/05/2025","1,140.63","1,138.12","1,145.01","1,135.10","8.20B","0.76%"
"06/04/2025","1,132.02","1,147.66","1,149.68","1,127.57","9.77B","-1.49%"
"05/30/2025","1,149.18","1,155.60","1,160.43","1,149.18","9.76B","-1.27%"
"05/29/2025","1,164.01","1,175.44","1,178.24","1,162.88","8.12B","0.28%"
"05/28/2025","1,160.74","1,167.98","1,173.68","1,160.59","8.23B","-0.23%"
"05/27/2025","1,163.42","1,176.34","1,176.34","1,159.61","8.57B","-1.27%"
"05/26/2025","1,178.43","1,178.72","1,180.03","1,168.17","7.09B","0.18%"
"05/23/2025","1,176.36","1,177.89","1,184.86","1,173.54","8.13B","0.25%"
"05/22/2025","1,173.37","1,175.14","1,182.54","1,171.76","9.35B","-0.55%"
"05/21/2025","1,179.81","1,192.69","1,199.29","1,176.65","10.29B","-0.78%"
"05/20/2025","1,189.14","1,193.52","1,197.80","1,186.34","9.98B","0.18%"
"05/19/2025","1,187.06","1,191.24","1,195.79","1,184.86","9.15B","-0.73%"
"05/16/2025","1,195.77","1,198.68","1,204.33","1,190.21","9.02B","0.11%"
"05/15/2025","1,194.49","1,210.10","1,212.48","1,191.40","9.64B","-1.83%"
"05/14/2025","1,216.71","1,215.21","1,218.64","1,207.21","8.39B","0.19%"
"05/13/2025","1,214.39","1,226.93","1,231.02","1,212.19","8.86B","0.28%"
"05/09/2025","1,210.94","1,211.59","1,213.68","1,195.86","9.17B","0.36%"
"05/08/2025","1,206.59","1,217.53","1,221.34","1,205.57","8.59B","-1.12%"
"05/07/2025","1,220.27","1,197.13","1,220.27","1,195.24","9.99B","2.73%"
"05/06/2025","1,187.86","1,200.33","1,201.04","1,187.86","7.86B","-0.93%"
"05/02/2025","1,198.98","1,210.70","1,214.75","1,196.33","8.70B","0.14%"
"04/30/2025","1,197.26","1,171.46","1,197.26","1,169.23","10.82B","2.23%"
"04/29/2025","1,171.12","1,160.88","1,171.12","1,155.47","7.05B","1.00%"
"04/28/2025","1,159.53","1,161.47","1,166.32","1,156.63","5.35B","0.05%"
"04/25/2025","1,159.00","1,154.56","1,161.03","1,151.65","6.84B","1.06%"
"04/24/2025","1,146.86","1,149.52","1,155.13","1,143.29","7.64B","-0.60%"
"04/23/2025","1,153.77","1,153.71","1,160.01","1,147.65","8.26B","0.85%"
"04/22/2025","1,144.05","1,129.35","1,146.02","1,127.46","7.51B","0.82%"
"04/21/2025","1,134.71","1,149.33","1,153.83","1,130.56","6.99B","-1.41%"
"04/18/2025","1,150.95","1,143.26","1,153.20","1,141.32","6.25B","0.85%"
"04/17/2025","1,141.28","1,136.82","1,145.19","1,133.90","6.36B","0.21%"
"04/16/2025","1,138.90","1,127.59","1,142.35","1,120.72","7.65B","0.91%"
"04/11/2025","1,128.66","1,127.87","1,136.13","1,118.96","8.77B","-0.47%"
"04/10/2025","1,133.95","1,135.79","1,146.86","1,122.95","10.52B","4.21%"
"04/09/2025","1,088.18","1,070.86","1,094.38","1,062.54","12.11B","1.26%"
"04/08/2025","1,074.59","1,076.11","1,083.75","1,056.41","12.21B","-4.50%"
"04/04/2025","1,125.21","1,155.46","1,156.02","1,122.51","9.22B","-3.15%"
"04/03/2025","1,161.81","1,159.93","1,164.29","1,156.39","8.44B","-0.93%"
"04/02/2025","1,172.69","1,168.12","1,176.84","1,166.59","6.20B","0.40%"
"04/01/2025","1,168.02","1,165.76","1,174.22","1,165.33","6.83B","0.86%"
"03/31/2025","1,158.09","1,155.05","1,169.09","1,155.05","8.52B","-1.48%"
"03/28/2025","1,175.45","1,185.02","1,185.18","1,173.49","5.15B","-1.05%"
"03/27/2025","1,187.90","1,190.26","1,193.96","1,185.20","6.40B","-0.21%"
"03/26/2025","1,190.36","1,186.41","1,194.65","1,186.41","5.98B","0.46%"
"03/25/2025","1,184.93","1,190.66","1,191.01","1,181.13","6.85B","-0.43%"
"03/24/2025","1,190.06","1,188.20","1,192.59","1,182.60","6.32B","0.29%"
"03/21/2025","1,186.61","1,187.06","1,190.62","1,180.49","10.23B","0.41%"
"03/20/2025","1,181.71","1,192.28","1,200.09","1,181.71","9.44B","-0.67%"
"03/19/2025","1,189.66","1,177.37","1,195.56","1,174.62","9.82B","1.15%"
"03/18/2025","1,176.17","1,177.68","1,181.31","1,165.99","8.90B","0.51%"
"03/17/2025","1,170.20","1,175.74","1,178.51","1,165.46","7.60B","-0.30%"
"03/14/2025","1,173.76","1,162.55","1,176.92","1,160.13","8.30B","1.22%"
"03/13/2025","1,159.64","1,164.18","1,168.73","1,157.96","7.60B","-0.04%"
"03/12/2025","1,160.06","1,184.86","1,186.57","1,158.17","9.38B","-2.32%"
"03/11/2025","1,187.63","1,167.19","1,189.40","1,160.99","9.75B","0.87%"
"03/10/2025","1,177.44","1,195.37","1,196.52","1,177.44","8.09B","-2.05%"
"03/07/2025","1,202.03","1,188.66","1,202.03","1,186.93","9.29B","1.05%"
"03/06/2025","1,189.55","1,206.86","1,207.04","1,186.91","9.87B","-1.44%"
"03/05/2025","1,206.96","1,185.36","1,208.76","1,183.21","9.49B","2.49%"
"03/04/2025","1,177.64","1,182.32","1,195.66","1,173.13","9.23B","-0.91%"
"03/03/2025","1,188.41","1,207.27","1,211.21","1,185.73","8.98B","-1.27%"
"02/28/2025","1,203.72","1,192.43","1,206.58","1,186.36","11.49B","-0.99%"
"02/27/2025","1,215.73","1,228.65","1,235.11","1,212.54","10.23B","-1.25%"
"02/26/2025","1,231.14","1,209.72","1,233.35","1,208.91","11.89B","2.05%"
"02/25/2025","1,206.39","1,231.48","1,231.48","1,206.39","9.56B","-2.38%"
"02/24/2025","1,235.85","1,242.50","1,242.50","1,227.42","8.84B","-0.83%"
"02/21/2025","1,246.21","1,243.89","1,252.50","1,240.67","8.20B","0.05%"
"02/20/2025","1,245.61","1,255.25","1,261.41","1,240.56","10.22B","-1.32%"
"02/19/2025","1,262.27","1,255.15","1,267.72","1,254.18","9.20B","0.38%"
"02/18/2025","1,257.48","1,257.68","1,263.01","1,252.73","8.67B","0.08%"
"02/17/2025","1,256.48","1,244.56","1,256.48","1,236.80","9.81B","-1.23%"
"02/14/2025","1,272.10","1,286.57","1,287.66","1,269.81","8.05B","-0.94%"
"02/13/2025","1,284.11","1,287.16","1,298.72","1,281.16","8.71B","0.01%"
"02/11/2025","1,283.97","1,272.91","1,285.98","1,269.58","7.02B","1.06%"
"02/10/2025","1,270.49","1,273.95","1,275.88","1,262.41","7.75B","-0.90%"
"02/07/2025","1,282.09","1,266.35","1,282.09","1,252.26","10.00B","1.59%"
"02/06/2025","1,262.07","1,289.00","1,290.26","1,260.02","8.85B","-1.92%"
"02/05/2025","1,286.74","1,300.74","1,305.17","1,282.04","7.99B","-1.10%"
"02/04/2025","1,301.02","1,310.75","1,316.41","1,300.11","8.06B","-0.26%"
"02/03/2025","1,304.39","1,276.91","1,304.39","1,270.87","9.88B","-0.77%"
"01/31/2025","1,314.50","1,336.42","1,337.80","1,310.72","9.29B","-1.58%"
"01/30/2025","1,335.64","1,342.72","1,345.76","1,333.27","7.09B","-0.56%"
"01/29/2025","1,343.19","1,350.73","1,351.68","1,341.32","6.33B","-0.19%"
"01/28/2025","1,345.77","1,334.26","1,347.54","1,334.26","7.43B","0.36%"
"01/27/2025","1,340.94","1,349.05","1,354.74","1,340.59","6.93B","-0.97%"
"01/24/2025","1,354.07","1,350.03","1,354.07","1,344.62","6.67B","0.74%"
"01/23/2025","1,344.17","1,359.87","1,362.00","1,344.17","6.83B","-1.29%"
"01/22/2025","1,361.77","1,355.22","1,363.92","1,355.22","7.82B","0.68%"
"01/21/2025","1,352.53","1,346.59","1,357.50","1,343.23","7.95B","0.90%"
"01/20/2025","1,340.50","1,344.53","1,350.41","1,338.29","6.47B","-0.01%"
"01/17/2025","1,340.63","1,348.06","1,356.33","1,338.84","8.27B","-0.88%"
"01/16/2025","1,352.56","1,362.14","1,363.55","1,346.45","7.86B","-0.05%"
"01/15/2025","1,353.17","1,343.19","1,353.17","1,334.79","8.55B","0.96%"
"01/14/2025","1,340.25","1,363.86","1,363.86","1,340.25","9.83B","-1.04%"
"01/13/2025","1,354.34","1,359.21","1,362.14","1,349.02","9.44B","-1.00%"
"01/10/2025","1,367.99","1,362.91","1,371.10","1,352.33","11.35B","0.37%"
"01/09/2025","1,362.97","1,385.34","1,385.34","1,360.27","10.77B","-1.78%"
"01/08/2025","1,387.72","1,390.81","1,392.43","1,381.72","8.01B","-0.23%"
"01/07/2025","1,390.88","1,375.29","1,395.70","1,375.29","8.84B","1.33%"
"01/06/2025","1,372.65","1,388.64","1,390.84","1,370.69","7.84B","-0.87%"
"01/03/2025","1,384.76","1,383.28","1,390.27","1,379.09","7.29B","0.36%"
"01/02/2025","1,379.85","1,397.93","1,399.35","1,378.44","8.34B","-1.45%"
"12/30/2024","1,400.21","1,403.27","1,409.13","1,398.39","6.38B","-0.09%"
"12/27/2024","1,401.46","1,398.13","1,410.02","1,395.15","8.46B","0.26%"
"12/26/2024","1,397.80","1,400.60","1,403.45","1,395.40","5.27B","-0.22%"
"12/25/2024","1,400.85","1,399.02","1,403.69","1,395.59","6.48B","0.44%"
"12/24/2024","1,394.67","1,390.16","1,397.51","1,388.22","6.40B","0.56%"
"12/23/2024","1,386.91","1,374.06","1,386.93","1,366.71","10.87B","1.60%"
"12/20/2024","1,365.07","1,375.83","1,379.91","1,361.34","10.54B","-0.90%"
"12/19/2024","1,377.53","1,384.24","1,394.26","1,374.33","9.86B","-1.53%"
"12/18/2024","1,398.95","1,399.28","1,404.48","1,389.24","9.28B","0.24%"
"12/17/2024","1,395.57","1,418.02","1,421.65","1,393.94","10.34B","-1.70%"
"12/16/2024","1,419.72","1,422.80","1,424.68","1,414.86","7.41B","-0.83%"
"12/13/2024","1,431.67","1,435.31","1,438.67","1,429.68","8.80B","-0.57%"
"12/12/2024","1,439.89","1,448.59","1,456.92","1,439.01","8.68B","-0.22%"
"12/11/2024","1,443.05","1,444.95","1,454.32","1,441.68","8.25B","-0.31%"
"12/09/2024","1,447.53","1,448.94","1,450.41","1,441.99","11.45B","-0.31%"
"12/06/2024","1,451.96","1,450.05","1,454.97","1,448.21","8.70B","0.08%"
"12/04/2024","1,450.82","1,455.16","1,457.71","1,448.54","9.68B","-0.27%"
"12/03/2024","1,454.76","1,441.43","1,455.84","1,441.43","10.62B","1.23%"
"12/02/2024","1,437.11","1,430.55","1,437.11","1,421.18","10.01B","0.67%"
"11/29/2024","1,427.54","1,429.02","1,433.03","1,422.88","10.11B","-0.03%"
"11/28/2024","1,428.01","1,430.31","1,433.61","1,421.96","8.61B","-0.17%"
"11/27/2024","1,430.40","1,436.32","1,437.27","1,425.93","10.01B","-0.55%"
"11/26/2024","1,438.25","1,442.27","1,448.59","1,435.54","9.62B","-0.35%"
"11/25/2024","1,443.31","1,452.77","1,455.39","1,441.86","9.48B","-0.21%"
"11/22/2024","1,446.30","1,445.17","1,451.52","1,435.78","12.94B","0.41%"
"11/21/2024","1,440.46","1,442.73","1,453.12","1,436.73","10.90B","-1.51%"
"11/20/2024","1,462.48","1,462.65","1,462.77","1,454.69","10.52B","0.16%"
"11/19/2024","1,460.11","1,460.25","1,471.48","1,458.91","14.46B","0.50%"
"11/18/2024","1,452.78","1,448.30","1,456.57","1,442.16","12.95B","0.70%"
"11/15/2024","1,442.63","1,455.81","1,458.32","1,436.79","14.37B","-0.52%"
"11/14/2024","1,450.12","1,450.01","1,461.99","1,441.15","14.41B","-0.09%"
"11/13/2024","1,451.47","1,447.82","1,463.31","1,447.82","14.79B","0.44%"
"11/12/2024","1,445.07","1,455.90","1,460.13","1,443.15","15.56B","-0.78%"
"11/11/2024","1,456.47","1,463.75","1,465.29","1,452.81","14.49B","-0.56%"
"11/08/2024","1,464.69","1,473.19","1,474.59","1,458.34","18.89B","-0.34%"
"11/07/2024","1,469.72","1,469.71","1,478.77","1,468.56","12.67B","0.16%"
"11/06/2024","1,467.42","1,484.38","1,487.58","1,463.06","20.26B","-0.96%"
"11/05/2024","1,481.67","1,464.55","1,486.55","1,462.63","12.45B","1.28%"
"11/04/2024","1,462.95","1,467.97","1,473.28","1,461.46","9.10B","-0.08%"
"11/01/2024","1,464.17","1,464.17","1,466.91","1,459.26","10.38B","-0.13%"
"10/31/2024","1,466.04","1,446.26","1,468.45","1,446.26","13.43B","1.30%"
"10/30/2024","1,447.20","1,448.95","1,456.02","1,443.21","11.42B","-0.27%"
"10/29/2024","1,451.16","1,453.90","1,461.93","1,449.24","9.84B","-0.13%"
"10/28/2024","1,453.03","1,464.12","1,465.86","1,449.73","10.97B","-0.71%"
"10/25/2024","1,463.42","1,463.77","1,468.79","1,456.59","12.59B","0.19%"
"10/24/2024","1,460.64","1,466.27","1,476.58","1,458.67","11.66B","-0.66%"
"10/22/2024","1,470.32","1,485.81","1,487.80","1,467.77","10.19B","-1.24%"
"10/21/2024","1,488.74","1,493.08","1,494.67","1,482.75","9.82B","-0.07%"
"10/18/2024","1,489.82","1,493.98","1,506.82","1,488.61","27.00B","-0.35%"
"10/17/2024","1,495.02","1,490.10","1,498.61","1,489.72","13.43B","0.67%"
"10/16/2024","1,485.01","1,462.65","1,488.59","1,461.12","13.46B","1.36%"
"10/15/2024","1,465.03","1,472.69","1,478.37","1,463.32","14.02B","-0.34%"
"10/11/2024","1,470.10","1,471.93","1,482.02","1,470.10","8.67B","0.11%"
"10/10/2024","1,468.52","1,462.47","1,474.51","1,458.59","11.17B","0.79%"
"10/09/2024","1,456.97","1,454.78","1,460.33","1,453.33","15.48B","0.29%"
"10/08/2024","1,452.80","1,448.27","1,459.64","1,447.35","18.24B","0.04%"
"10/07/2024","1,452.20","1,444.27","1,453.70","1,443.56","9.02B","0.55%"
"10/04/2024","1,444.25","1,441.84","1,447.65","1,432.22","13.14B","0.11%"
"10/03/2024","1,442.73","1,446.65","1,452.00","1,440.31","15.26B","-0.60%"
"10/02/2024","1,451.40","1,461.71","1,464.27","1,447.40","12.28B","-0.91%"
"10/01/2024","1,464.66","1,449.81","1,468.14","1,449.64","8.17B","1.09%"
"09/30/2024","1,448.83","1,445.18","1,453.54","1,444.11","9.63B","-0.09%"
"09/27/2024","1,450.15","1,453.98","1,460.55","1,446.60","12.75B","-0.34%"
"09/26/2024","1,455.03","1,463.37","1,464.81","1,449.68","14.59B","-0.45%"
"09/25/2024","1,461.58","1,466.37","1,471.69","1,460.23","12.54B","-0.04%"
"09/24/2024","1,462.10","1,451.67","1,463.31","1,447.59","10.79B","0.98%"
"09/23/2024","1,447.90","1,454.19","1,455.44","1,442.02","9.67B","-0.26%"
"09/20/2024","1,451.69","1,458.21","1,462.35","1,451.69","13.16B","-0.22%"
"09/19/2024","1,454.84","1,440.35","1,454.84","1,436.14","12.98B","1.33%"
"09/18/2024","1,435.77","1,437.69","1,446.52","1,432.91","10.76B","-0.06%"
"09/17/2024","1,436.60","1,437.47","1,439.35","1,431.56","11.17B","0.07%"
"09/16/2024","1,435.53","1,425.89","1,436.80","1,423.20","13.11B","0.78%"
"09/13/2024","1,424.39","1,428.15","1,433.66","1,421.47","9.98B","0.20%"
"09/12/2024","1,421.58","1,422.42","1,429.45","1,419.94","9.31B","0.44%"
"09/11/2024","1,415.41","1,424.69","1,428.13","1,405.30","11.55B","-0.88%"
"09/10/2024","1,428.03","1,431.91","1,434.68","1,422.63","10.73B","-0.22%"
"09/09/2024","1,431.13","1,429.16","1,438.31","1,417.68","13.66B","0.24%"
"09/06/2024","1,427.64","1,413.94","1,431.24","1,412.76","14.83B","1.66%"
"09/05/2024","1,404.28","1,372.29","1,406.49","1,371.49","14.10B","2.84%"
"09/04/2024","1,365.49","1,355.31","1,367.88","1,355.31","8.37B","0.07%"
"09/03/2024","1,364.60","1,354.26","1,370.04","1,354.26","8.58B","0.81%"
"09/02/2024","1,353.64","1,355.16","1,357.98","1,352.11","7.51B","-0.40%"
"08/30/2024","1,359.07","1,360.16","1,367.09","1,355.46","9.96B","0.12%"
"08/29/2024","1,357.41","1,361.34","1,366.76","1,355.99","7.81B","-0.61%"
"08/28/2024","1,365.72","1,361.59","1,370.67","1,356.51","9.04B","0.10%"
"08/27/2024","1,364.31","1,365.64","1,368.55","1,360.74","9.25B","-0.04%"
"08/26/2024","1,364.81","1,356.11","1,366.76","1,351.33","10.76B","0.73%"
"08/23/2024","1,354.87","1,341.53","1,355.52","1,340.59","13.99B","1.03%"
"08/22/2024","1,341.03","1,338.84","1,343.35","1,334.79","8.81B","0.24%"
"08/21/2024","1,337.83","1,328.50","1,339.61","1,327.12","9.97B","0.73%"
"08/20/2024","1,328.12","1,327.25","1,337.35","1,323.94","9.48B","0.36%"
"08/19/2024","1,323.38","1,305.89","1,323.38","1,302.97","10.70B","1.56%"
"08/16/2024","1,303.00","1,295.95","1,305.03","1,295.35","8.01B","1.02%"
"08/15/2024","1,289.84","1,291.89","1,293.10","1,279.34","8.97B","-0.22%"
"08/14/2024","1,292.69","1,300.59","1,306.88","1,280.99","11.40B","-0.39%"
"08/13/2024","1,297.79","1,299.73","1,300.83","1,292.41","8.17B","0.06%"
"08/09/2024","1,297.07","1,305.88","1,309.66","1,292.80","9.45B","0.06%"
"08/08/2024","1,296.25","1,287.53","1,299.14","1,287.14","8.69B","0.44%"
"08/07/2024","1,290.55","1,282.05","1,293.94","1,282.05","9.66B","1.30%"
"08/06/2024","1,274.01","1,285.62","1,289.24","1,274.01","8.77B","-0.05%"
"08/05/2024","1,274.67","1,295.65","1,296.11","1,273.17","14.09B","-2.93%"
"08/02/2024","1,313.08","1,315.07","1,318.26","1,310.52","7.53B","-0.73%"
"08/01/2024","1,322.75","1,322.51","1,329.76","1,319.29","8.62B","0.14%"
"07/31/2024","1,320.86","1,312.69","1,322.08","1,311.93","7.85B","0.98%"
"07/30/2024","1,308.09","1,311.95","1,315.78","1,306.22","8.10B","0.07%"
"07/26/2024","1,307.21","1,292.64","1,307.21","1,290.48","7.87B","1.21%"
"07/25/2024","1,291.58","1,289.98","1,295.88","1,288.22","8.41B","-0.50%"
"07/24/2024","1,298.08","1,299.64","1,301.55","1,293.95","8.38B","-0.27%"
"07/23/2024","1,301.54","1,318.81","1,321.21","1,300.04","9.16B","-1.18%"
"07/19/2024","1,317.14","1,321.30","1,324.57","1,317.14","7.14B","-0.58%"
"07/18/2024","1,324.76","1,318.46","1,327.02","1,317.89","10.28B","0.38%"
"07/17/2024","1,319.79","1,325.39","1,330.22","1,318.41","10.30B","-0.12%"
"07/16/2024","1,321.31","1,327.77","1,330.84","1,320.08","9.93B","-0.46%"
"07/15/2024","1,327.43","1,326.06","1,328.51","1,320.56","9.38B","-0.35%"
"07/12/2024","1,332.04","1,327.78","1,332.76","1,325.64","11.80B","0.20%"
"07/11/2024","1,329.37","1,326.20","1,330.01","1,320.00","10.63B","0.46%"
"07/10/2024","1,323.28","1,320.68","1,327.16","1,318.72","10.29B","0.25%"
"07/09/2024","1,319.92","1,323.81","1,325.18","1,317.02","11.78B","-0.20%"
"07/08/2024","1,322.50","1,311.70","1,322.50","1,311.05","10.05B","0.80%"
"07/05/2024","1,311.99","1,303.06","1,312.75","1,298.43","11.77B","0.84%"
"07/04/2024","1,301.04","1,300.62","1,309.46","1,300.26","9.14B","0.49%"
"07/03/2024","1,294.70","1,289.57","1,296.13","1,286.79","12.14B","0.47%"
"07/02/2024","1,288.58","1,297.48","1,297.85","1,286.83","10.35B","-0.83%"
"07/01/2024","1,299.35","1,301.96","1,306.28","1,296.11","7.16B","-0.12%"
"06/28/2024","1,300.96","1,311.42","1,311.73","1,296.67","13.22B","-0.65%"
"06/27/2024","1,309.46","1,315.61","1,316.58","1,307.67","10.66B","-0.73%"
"06/26/2024","1,319.15","1,322.72","1,324.48","1,315.50","8.43B","0.00%"
"06/25/2024","1,319.14","1,318.18","1,323.73","1,315.64","12.37B","0.18%"
"06/24/2024","1,316.73","1,302.62","1,317.63","1,300.36","12.48B","0.79%"
"06/21/2024","1,306.41","1,295.10","1,311.31","1,289.21","16.31B","0.63%"
"06/20/2024","1,298.29","1,302.45","1,304.24","1,293.69","11.52B","-0.42%"
"06/19/2024","1,303.82","1,300.97","1,304.15","1,281.87","15.60B","0.49%"
"06/18/2024","1,297.41","1,300.21","1,310.76","1,296.18","10.18B","0.06%"
"06/17/2024","1,296.59","1,305.13","1,305.20","1,288.58","11.29B","-0.76%"
"06/14/2024","1,306.56","1,311.38","1,315.70","1,304.31","11.23B","-0.40%"
"06/13/2024","1,311.78","1,320.59","1,323.33","1,310.40","12.86B","-0.37%"
"06/12/2024","1,316.69","1,316.62","1,320.51","1,311.04","13.52B","0.04%"
"06/11/2024","1,316.10","1,318.68","1,325.52","1,314.35","13.80B","-0.19%"
"06/10/2024","1,318.57","1,328.90","1,329.81","1,313.26","7.99B","-1.06%"
"06/07/2024","1,332.74","1,327.30","1,334.12","1,325.95","11.54B","0.33%"
"06/06/2024","1,328.41","1,341.74","1,344.48","1,325.71","13.52B","-0.74%"
"06/05/2024","1,338.32","1,339.58","1,344.39","1,333.97","13.00B","0.07%"
"06/04/2024","1,337.32","1,350.90","1,354.75","1,336.07","13.37B","-0.62%"
"05/31/2024","1,345.66","1,353.94","1,359.25","1,342.62","15.79B","-0.43%"
"05/30/2024","1,351.52","1,345.71","1,353.50","1,340.83","15.29B","0.13%"
"05/29/2024","1,349.83","1,360.58","1,363.96","1,349.83","10.69B","-0.94%"
"05/28/2024","1,362.70","1,368.14","1,368.95","1,361.27","11.33B","-0.27%"
"05/27/2024","1,366.37","1,368.04","1,369.68","1,362.19","13.39B","0.14%"
"05/24/2024","1,364.48","1,361.16","1,365.97","1,359.22","13.22B","-0.25%"
"05/23/2024","1,367.84","1,368.24","1,374.04","1,364.31","16.08B","-0.22%"
"05/21/2024","1,370.83","1,376.92","1,376.94","1,367.14","13.11B","-0.57%"
"05/20/2024","1,378.70","1,385.55","1,389.28","1,377.42","12.65B","-0.29%"
"05/17/2024","1,382.68","1,378.60","1,384.82","1,376.79","11.36B","0.36%"
"05/16/2024","1,377.72","1,375.02","1,383.38","1,373.64","17.37B","0.53%"
"05/15/2024","1,370.44","1,377.57","1,378.36","1,366.85","9.08B","-0.45%"
"05/14/2024","1,376.57","1,374.34","1,380.45","1,372.77","14.58B","0.30%"
"05/13/2024","1,372.50","1,371.90","1,375.14","1,366.06","16.20B","0.04%"
"05/10/2024","1,371.90","1,371.30","1,372.32","1,365.92","15.56B","0.19%"
"05/09/2024","1,369.29","1,374.40","1,379.75","1,367.88","12.62B","-0.29%"
"05/08/2024","1,373.33","1,377.81","1,379.04","1,372.86","12.87B","-0.22%"
"05/07/2024","1,376.37","1,374.10","1,384.74","1,373.98","11.73B","0.47%"
"05/03/2024","1,369.92","1,367.28","1,372.72","1,364.26","12.49B","0.49%"
"05/02/2024","1,363.25","1,368.24","1,372.01","1,362.84","15.78B","-0.34%"
"04/30/2024","1,367.95","1,364.69","1,372.85","1,363.21","14.60B","0.44%"
"04/29/2024","1,361.97","1,364.52","1,364.70","1,355.36","13.31B","0.15%"
"04/26/2024","1,359.94","1,364.95","1,366.24","1,358.26","12.12B","-0.32%"
"04/25/2024","1,364.27","1,358.70","1,365.78","1,356.96","14.37B","0.23%"
"04/24/2024","1,361.10","1,364.72","1,364.91","1,355.44","11.44B","0.27%"
"04/23/2024","1,357.46","1,353.50","1,362.53","1,353.35","15.59B","0.59%"
"04/22/2024","1,349.52","1,343.55","1,350.94","1,339.92","13.92B","1.31%"
"04/19/2024","1,332.08","1,339.95","1,343.32","1,330.24","17.84B","-2.13%"
"04/18/2024","1,361.02","1,368.20","1,372.99","1,349.00","16.08B","-0.43%"
"04/17/2024","1,366.94","1,378.04","1,380.12","1,363.44","17.39B","-2.11%"
"04/11/2024","1,396.38","1,405.65","1,406.77","1,394.71","15.66B","-0.84%"
"04/10/2024","1,408.17","1,404.03","1,411.46","1,402.89","11.76B","0.50%"
"04/09/2024","1,401.11","1,378.79","1,401.11","1,376.83","11.67B","1.86%"
"04/05/2024","1,375.58","1,369.85","1,377.86","1,367.59","11.07B","0.12%"
"04/04/2024","1,373.89","1,378.15","1,379.41","1,368.80","7.24B","-0.13%"
"04/03/2024","1,375.69","1,375.06","1,384.17","1,374.26","14.19B","-0.27%"
"04/02/2024","1,379.46","1,377.69","1,382.01","1,374.77","13.19B","0.00%"
"04/01/2024","1,379.48","1,379.86","1,384.32","1,374.24","7.99B","0.11%"
"03/29/2024","1,377.94","1,372.98","1,378.46","1,371.17","6.54B","0.55%"
"03/28/2024","1,370.34","1,381.81","1,383.60","1,368.81","15.80B","-0.76%"
"03/27/2024","1,380.83","1,375.60","1,385.07","1,374.92","17.62B","0.26%"
"03/26/2024","1,377.23","1,372.40","1,379.51","1,369.63","19.03B","0.35%"
"03/25/2024","1,372.49","1,381.00","1,385.61","1,368.21","14.89B","-0.62%"
"03/22/2024","1,381.04","1,383.81","1,389.79","1,379.43","15.71B","-0.47%"
"03/21/2024","1,387.62","1,383.61","1,388.66","1,382.99","15.41B","1.05%"
"03/20/2024","1,373.18","1,384.93","1,386.67","1,372.28","17.07B","-0.67%"
"03/19/2024","1,382.46","1,385.26","1,391.21","1,382.46","17.37B","-0.25%"
"03/18/2024","1,385.94","1,388.40","1,393.46","1,385.01","12.93B","-0.01%"
"03/15/2024","1,386.04","1,390.12","1,393.26","1,386.04","17.10B","-0.64%"
"03/14/2024","1,394.93","1,384.72","1,395.88","1,383.26","21.33B","0.75%"
"03/13/2024","1,384.51","1,379.60","1,388.32","1,378.43","19.90B","0.35%"
"03/12/2024","1,379.63","1,383.36","1,385.65","1,374.69","23.90B","-0.04%"
"03/11/2024","1,380.23","1,383.38","1,387.61","1,379.72","13.38B","-0.45%"
"03/08/2024","1,386.42","1,373.41","1,386.58","1,373.05","17.35B","1.04%"
"03/07/2024","1,372.16","1,374.06","1,377.57","1,364.92","17.18B","0.12%"
"03/06/2024","1,370.55","1,356.45","1,375.82","1,356.10","18.03B","0.83%"
"03/05/2024","1,359.26","1,358.87","1,362.46","1,350.98","18.71B","-0.24%"
"03/04/2024","1,362.59","1,369.13","1,372.01","1,362.05","18.99B","-0.35%"
"03/01/2024","1,367.42","1,369.63","1,375.22","1,364.31","22.83B","-0.24%"
"02/29/2024","1,370.67","1,380.84","1,381.37","1,366.93","25.78B","-0.82%"
"02/28/2024","1,382.05","1,389.39","1,390.26","1,380.88","26.54B","-0.84%"
"02/27/2024","1,393.70","1,397.80","1,401.14","1,390.05","22.94B","-0.32%"
"02/23/2024","1,398.14","1,404.26","1,404.84","1,396.77","16.09B","-0.31%"
"02/22/2024","1,402.47","1,396.65","1,405.13","1,393.52","18.53B","0.64%"
"02/21/2024","1,393.61","1,382.90","1,395.11","1,379.02","26.10B","0.91%"
"02/20/2024","1,381.07","1,388.41","1,389.06","1,376.65","14.37B","-0.45%"
"02/19/2024","1,387.33","1,383.97","1,390.92","1,382.88","14.54B","0.08%"
"02/16/2024","1,386.27","1,394.16","1,397.05","1,383.38","17.97B","-0.07%"
"02/15/2024","1,387.27","1,387.05","1,392.46","1,383.66","15.01B","0.16%"
"02/14/2024","1,385.11","1,382.07","1,386.86","1,378.76","16.63B","-0.48%"
"02/13/2024","1,391.73","1,391.70","1,397.80","1,390.40","9.22B","0.17%"
"02/12/2024","1,389.30","1,389.54","1,392.47","1,386.28","7.37B","0.07%"
"02/09/2024","1,388.37","1,389.92","1,391.75","1,385.02","9.74B","-0.02%"
"02/08/2024","1,388.60","1,399.40","1,403.80","1,388.11","21.76B","-0.82%"
"02/07/2024","1,400.02","1,400.20","1,402.65","1,394.02","20.74B","0.22%"
"02/06/2024","1,396.96","1,385.92","1,400.63","1,385.92","30.23B","0.94%"
"02/05/2024","1,383.93","1,383.38","1,389.67","1,379.86","26.82B","-0.01%"
"02/02/2024","1,384.08","1,376.04","1,386.67","1,375.37","26.90B","1.18%"
"02/01/2024","1,367.96","1,363.65","1,372.83","1,357.39","21.03B","0.25%"
"01/31/2024","1,364.52","1,374.35","1,374.87","1,359.54","20.35B","-0.63%"
"01/30/2024","1,373.14","1,376.29","1,378.34","1,370.70","20.16B","-0.23%"
"01/29/2024","1,376.28","1,373.78","1,379.60","1,366.84","18.86B","0.59%"
"01/26/2024","1,368.15","1,375.76","1,379.89","1,364.41","27.65B","-0.58%"
"01/25/2024","1,376.09","1,377.47","1,379.15","1,370.78","22.16B","-0.37%"
"01/24/2024","1,381.19","1,356.98","1,382.80","1,354.98","22.59B","1.82%"
"01/23/2024","1,356.54","1,373.62","1,375.76","1,352.48","17.17B","-0.98%"
"01/22/2024","1,369.92","1,383.42","1,383.51","1,369.42","18.72B","-0.91%"
"01/19/2024","1,382.51","1,384.84","1,389.26","1,378.28","15.99B","0.33%"
"01/18/2024","1,377.93","1,382.34","1,387.53","1,374.08","21.83B","-0.20%"
"01/17/2024","1,380.65","1,397.64","1,397.97","1,378.85","17.57B","-1.50%"
"01/16/2024","1,401.72","1,406.11","1,407.08","1,399.85","17.91B","-0.38%"
"01/15/2024","1,407.02","1,415.63","1,416.01","1,404.81","12.76B","-0.46%"
"01/12/2024","1,413.53","1,407.95","1,416.33","1,407.77","15.22B","0.38%"
"01/11/2024","1,408.24","1,417.30","1,417.64","1,407.26","11.96B","-0.37%"
"01/10/2024","1,413.52","1,416.03","1,418.33","1,410.21","14.18B","-0.10%"
"01/09/2024","1,414.93","1,427.51","1,428.44","1,414.42","14.78B","-0.25%"
"01/08/2024","1,418.45","1,426.95","1,428.06","1,413.86","17.95B","-0.67%"
"01/05/2024","1,427.96","1,432.93","1,438.10","1,425.40","15.52B","-0.46%"
"01/04/2024","1,434.59","1,427.98","1,435.30","1,420.74","12.93B","0.35%"
"01/03/2024","1,429.62","1,431.88","1,436.38","1,426.21","11.86B","-0.26%"
"01/02/2024","1,433.38","1,415.70","1,434.21","1,413.57","11.22B","1.24%"
"12/28/2023","1,415.85","1,410.87","1,418.98","1,410.87","12.99B","0.38%"
"12/27/2023","1,410.43","1,415.06","1,416.10","1,407.62","10.15B","-0.21%"
"12/26/2023","1,413.45","1,408.17","1,414.44","1,406.50","7.70B","0.33%"
"12/25/2023","1,408.83","1,404.56","1,409.41","1,404.35","6.02B","0.27%"
"12/22/2023","1,405.09","1,407.39","1,407.57","1,397.93","11.57B","0.02%"
"12/21/2023","1,404.84","1,394.91","1,407.87","1,394.28","10.64B","0.32%"
"12/20/2023","1,400.37","1,398.01","1,406.40","1,395.19","11.54B","0.39%"
"12/19/2023","1,394.90","1,395.26","1,397.69","1,388.91","10.92B","0.11%"
"12/18/2023","1,393.41","1,387.33","1,396.01","1,383.89","9.35B","0.17%"
"12/15/2023","1,391.03","1,384.87","1,398.65","1,382.13","12.38B","0.88%"
"12/14/2023","1,378.94","1,370.16","1,380.88","1,366.73","10.96B","1.54%"
"12/13/2023","1,357.97","1,369.88","1,370.39","1,354.73","10.81B","-1.16%"
"12/12/2023","1,373.92","1,382.91","1,383.41","1,370.04","10.04B","-0.51%"
"12/08/2023","1,380.99","1,381.80","1,389.40","1,376.29","11.90B","0.16%"
"12/07/2023","1,378.73","1,382.18","1,384.52","1,373.34","11.21B","-0.78%"
"12/06/2023","1,389.55","1,383.14","1,393.46","1,379.62","11.98B","0.43%"
"12/04/2023","1,383.54","1,376.72","1,389.49","1,374.60","10.88B","0.23%"
"12/01/2023","1,380.31","1,382.25","1,384.13","1,374.06","12.83B","0.01%"
"11/30/2023","1,380.18","1,389.25","1,390.04","1,371.74","18.91B","-0.54%"
"11/29/2023","1,387.69","1,404.89","1,405.35","1,386.98","13.49B","-0.98%"
"11/28/2023","1,401.42","1,398.57","1,406.08","1,394.04","10.98B","0.57%"
"11/27/2023","1,393.42","1,393.02","1,397.88","1,385.33","10.24B","-0.29%"
"11/24/2023","1,397.43","1,407.39","1,410.83","1,395.83","10.34B","-0.65%"
"11/23/2023","1,406.61","1,414.93","1,415.02","1,400.48","13.47B","-0.53%"
"11/22/2023","1,414.15","1,422.02","1,423.07","1,407.37","10.79B","-0.66%"
"11/21/2023","1,423.61","1,427.04","1,427.13","1,418.42","10.70B","0.29%"
"11/20/2023","1,419.44","1,415.68","1,419.86","1,409.55","9.97B","0.26%"
"11/17/2023","1,415.78","1,408.04","1,422.68","1,406.21","12.24B","0.03%"
"11/16/2023","1,415.34","1,413.05","1,417.20","1,407.79","10.84B","0.01%"
"11/15/2023","1,415.17","1,401.48","1,416.89","1,400.26","13.30B","2.10%"
"11/14/2023","1,386.04","1,390.37","1,393.20","1,377.69","12.14B","-0.08%"
"11/13/2023","1,387.13","1,391.47","1,392.54","1,378.08","12.05B","-0.18%"
"11/10/2023","1,389.57","1,392.68","1,406.08","1,387.41","13.17B","-1.10%"
"11/09/2023","1,404.97","1,410.83","1,411.84","1,389.46","14.07B","-0.48%"
"11/08/2023","1,411.77","1,410.07","1,417.16","1,406.95","10.48B","0.25%"
"11/07/2023","1,408.30","1,413.64","1,420.03","1,406.72","11.48B","-0.63%"
"11/06/2023","1,417.21","1,430.01","1,431.51","1,417.21","10.05B","-0.18%"
"11/03/2023","1,419.76","1,412.89","1,424.66","1,410.04","10.85B","1.12%"
"11/02/2023","1,403.99","1,391.97","1,407.81","1,391.54","11.23B","1.74%"
"11/01/2023","1,379.96","1,380.89","1,388.01","1,373.20","11.04B","-0.14%"
"10/31/2023","1,381.83","1,395.60","1,395.79","1,374.66","10.09B","-1.00%"
"10/30/2023","1,395.85","1,381.57","1,398.04","1,381.21","11.16B","0.55%"
"10/27/2023","1,388.23","1,381.51","1,390.79","1,366.19","12.03B","1.24%"
"10/26/2023","1,371.22","1,394.50","1,396.17","1,370.30","11.59B","-2.17%"
"10/25/2023","1,401.70","1,401.25","1,414.13","1,399.44","11.61B","0.77%"
"10/24/2023","1,391.03","1,395.92","1,398.73","1,387.60","10.20B","-0.59%"
"10/20/2023","1,399.35","1,420.24","1,422.33","1,397.80","11.97B","-1.66%"
"10/19/2023","1,423.04","1,425.07","1,428.75","1,419.39","10.70B","-1.03%"
"10/18/2023","1,437.85","1,432.94","1,445.34","1,429.78","12.80B","0.31%"
"10/17/2023","1,433.40","1,431.83","1,441.00","1,429.18","9.79B","0.44%"
"10/16/2023","1,427.11","1,443.89","1,446.26","1,416.21","12.35B","-1.63%"
"10/12/2023","1,450.75","1,457.00","1,459.19","1,448.38","9.84B","-0.36%"
"10/11/2023","1,455.99","1,438.08","1,456.73","1,434.45","12.89B","1.50%"
"10/10/2023","1,434.45","1,441.84","1,442.03","1,429.92","10.99B","0.19%"
"10/09/2023","1,431.72","1,434.67","1,435.79","1,423.17","10.92B","-0.47%"
"10/06/2023","1,438.45","1,457.81","1,457.81","1,434.00","10.87B","-0.97%"
"10/05/2023","1,452.55","1,454.57","1,456.34","1,443.43","10.30B","0.09%"
"10/04/2023","1,451.25","1,430.74","1,454.80","1,429.99","11.04B","0.27%"
"10/03/2023","1,447.30","1,458.65","1,459.99","1,443.24","12.48B","-1.51%"
"10/02/2023","1,469.46","1,473.54","1,478.01","1,461.66","10.52B","-0.13%"
"09/29/2023","1,471.43","1,482.12","1,484.62","1,471.43","12.39B","-0.72%"
"09/28/2023","1,482.14","1,497.65","1,505.69","1,481.52","12.59B","-1.00%"
"09/27/2023","1,497.15","1,494.14","1,499.06","1,488.14","10.38B","0.21%"
"09/26/2023","1,494.02","1,504.69","1,514.90","1,494.02","12.18B","-0.88%"
"09/25/2023","1,507.36","1,524.39","1,524.97","1,507.36","9.01B","-1.00%"
"09/22/2023","1,522.59","1,514.07","1,527.14","1,509.66","11.68B","0.55%"
"09/21/2023","1,514.26","1,504.55","1,517.37","1,503.23","10.24B","0.42%"
"09/20/2023","1,507.90","1,521.66","1,521.66","1,503.33","12.05B","-0.99%"
"09/19/2023","1,522.96","1,527.68","1,531.64","1,521.41","9.59B","-0.30%"
"09/18/2023","1,527.57","1,539.40","1,539.40","1,525.47","9.92B","-0.94%"
"09/15/2023","1,542.03","1,550.04","1,551.01","1,541.58","10.36B","-0.20%"
"09/14/2023","1,545.14","1,538.03","1,547.71","1,532.48","10.78B","0.64%"
"09/13/2023","1,535.31","1,546.47","1,546.47","1,533.13","9.68B","-0.66%"
"09/12/2023","1,545.50","1,544.08","1,550.67","1,543.21","10.83B","0.30%"
"09/11/2023","1,540.94","1,548.93","1,550.46","1,535.82","12.16B","-0.40%"
"09/08/2023","1,547.17","1,551.20","1,554.50","1,546.91","8.82B","-0.21%"
"09/07/2023","1,550.36","1,548.86","1,556.94","1,546.43","11.27B","0.10%"
"09/06/2023","1,548.78","1,547.75","1,554.79","1,542.66","13.88B","0.06%"
"09/05/2023","1,547.86","1,548.87","1,553.93","1,545.40","12.57B","-0.05%"
"09/04/2023","1,548.68","1,564.90","1,565.74","1,546.84","12.92B","-0.82%"
"09/01/2023","1,561.51","1,569.20","1,571.81","1,559.20","11.65B","-0.28%"
"08/31/2023","1,565.94","1,575.30","1,576.17","1,563.03","17.53B","-0.68%"
"08/30/2023","1,576.67","1,574.30","1,579.43","1,572.82","13.48B","0.50%"
"08/29/2023","1,568.81","1,566.00","1,573.19","1,563.15","12.70B","0.37%"
"08/28/2023","1,562.97","1,566.00","1,568.68","1,560.41","13.92B","0.18%"
"08/25/2023","1,560.20","1,554.74","1,562.12","1,551.10","14.03B","0.18%"
"08/24/2023","1,557.41","1,552.97","1,563.62","1,552.97","15.43B","0.54%"
"08/23/2023","1,549.01","1,550.20","1,554.28","1,543.37","16.10B","0.22%"
"08/22/2023","1,545.60","1,535.54","1,548.32","1,532.45","16.41B","1.29%"
"08/21/2023","1,525.85","1,522.44","1,529.34","1,514.70","12.17B","0.44%"
"08/18/2023","1,519.12","1,525.75","1,527.75","1,516.18","13.95B","-0.63%"
"08/17/2023","1,528.81","1,515.10","1,531.08","1,512.08","14.11B","0.61%"
"08/16/2023","1,519.56","1,516.64","1,521.41","1,506.00","14.19B","-0.08%"
"08/15/2023","1,520.73","1,534.05","1,535.97","1,517.34","11.85B","-0.94%"
"08/11/2023","1,535.16","1,535.47","1,540.19","1,528.85","13.14B","0.11%"
"08/10/2023","1,533.41","1,527.93","1,533.41","1,518.62","12.42B","0.33%"
"08/09/2023","1,528.30","1,520.90","1,528.30","1,514.38","13.21B","0.65%"
"08/08/2023","1,518.44","1,534.61","1,536.81","1,518.44","11.66B","-0.92%"
"08/07/2023","1,532.51","1,533.18","1,540.22","1,519.37","11.65B","0.13%"
"08/04/2023","1,530.46","1,531.03","1,539.07","1,530.34","12.74B","0.09%"
"08/03/2023","1,529.01","1,543.78","1,546.11","1,528.63","14.09B","-1.37%"
"08/02/2023","1,550.28","1,550.06","1,562.07","1,546.23","16.30B","-0.37%"
"07/31/2023","1,556.06","1,548.75","1,559.07","1,547.62","14.52B","0.83%"
"07/27/2023","1,543.27","1,527.12","1,546.27","1,520.89","15.11B","1.23%"
"07/26/2023","1,524.59","1,527.41","1,530.18","1,519.44","9.82B","-0.11%"
"07/25/2023","1,526.30","1,529.17","1,533.74","1,519.28","11.89B","0.16%"
"07/24/2023","1,523.81","1,529.41","1,537.15","1,520.77","14.49B","-0.36%"
"07/21/2023","1,529.25","1,524.04","1,532.47","1,516.75","12.87B","0.53%"
"07/20/2023","1,521.18","1,536.08","1,541.49","1,521.18","12.02B","-1.01%"
"07/19/2023","1,536.64","1,537.68","1,545.70","1,529.25","12.45B","0.09%"
"07/18/2023","1,535.30","1,527.13","1,535.62","1,526.91","11.23B","0.43%"
"07/17/2023","1,528.77","1,521.39","1,532.12","1,515.45","11.31B","0.71%"
"07/14/2023","1,517.92","1,497.85","1,519.08","1,497.85","12.23B","1.60%"
"07/13/2023","1,494.02","1,491.05","1,497.24","1,487.48","9.98B","0.19%"
"07/12/2023","1,491.14","1,500.97","1,507.01","1,488.01","12.95B","-0.39%"
"07/11/2023","1,496.96","1,503.06","1,505.40","1,492.63","11.20B","0.00%"
"07/10/2023","1,496.89","1,493.21","1,498.36","1,482.21","11.94B","0.43%"
"07/07/2023","1,490.51","1,481.91","1,496.59","1,474.94","11.03B","0.00%"
"07/06/2023","1,490.46","1,503.38","1,505.88","1,486.49","14.09B","-1.22%"
"07/05/2023","1,508.87","1,512.93","1,516.23","1,506.36","11.14B","-0.42%"
"07/04/2023","1,515.31","1,504.12","1,520.02","1,502.50","12.25B","0.56%"
"07/03/2023","1,506.84","1,507.65","1,509.15","1,494.57","10.78B","0.25%"
"06/30/2023","1,503.10","1,488.86","1,506.19","1,487.74","15.29B","1.59%"
"06/29/2023","1,479.57","1,468.00","1,490.71","1,461.61","16.07B","0.86%"
"06/28/2023","1,466.93","1,483.32","1,485.89","1,465.45","14.02B","-0.76%"
"06/27/2023","1,478.10","1,488.17","1,495.67","1,478.10","11.43B","-0.49%"
"06/26/2023","1,485.32","1,504.27","1,507.63","1,483.92","12.44B","-1.34%"
"06/23/2023","1,505.52","1,504.50","1,510.42","1,495.82","11.57B","-0.25%"
"06/22/2023","1,509.31","1,524.35","1,525.26","1,506.09","13.50B","-0.84%"
"06/21/2023","1,522.12","1,533.87","1,534.73","1,517.51","13.17B","-1.01%"
"06/20/2023","1,537.59","1,545.43","1,550.46","1,532.96","15.25B","-1.24%"
"06/19/2023","1,556.92","1,554.81","1,562.36","1,550.75","12.12B","-0.16%"
"06/16/2023","1,559.39","1,562.67","1,567.97","1,546.48","15.65B","0.11%"
"06/15/2023","1,557.71","1,561.47","1,566.14","1,555.54","12.89B","-0.22%"
"06/14/2023","1,561.15","1,565.85","1,569.34","1,559.34","12.74B","-0.08%"
"06/13/2023","1,562.40","1,553.11","1,566.26","1,552.30","11.71B","0.71%"
"06/12/2023","1,551.41","1,551.12","1,555.89","1,547.46","11.31B","-0.24%"
"06/09/2023","1,555.11","1,558.94","1,559.43","1,549.57","12.30B","-0.28%"
"06/08/2023","1,559.50","1,533.56","1,559.50","1,530.55","13.84B","1.71%"
"06/07/2023","1,533.21","1,531.30","1,534.69","1,522.30","14.35B","0.31%"
"06/06/2023","1,528.54","1,537.62","1,539.49","1,526.93","13.76B","-0.17%"
"06/02/2023","1,531.20","1,526.87","1,534.49","1,524.52","16.22B","0.64%"
"06/01/2023","1,521.40","1,534.16","1,536.76","1,521.31","19.37B","-0.79%"
"05/31/2023","1,533.54","1,525.58","1,533.54","1,521.33","15.33B","-0.08%"
"05/30/2023","1,534.81","1,543.30","1,545.55","1,531.30","13.29B","-0.40%"
"05/29/2023","1,540.97","1,535.63","1,543.11","1,535.63","11.96B","0.66%"
"05/26/2023","1,530.84","1,533.18","1,536.08","1,527.59","10.66B","-0.30%"
"05/25/2023","1,535.42","1,537.55","1,541.06","1,529.64","13.13B","-0.07%"
"05/24/2023","1,536.51","1,530.61","1,542.91","1,529.45","12.61B","0.11%"
"05/23/2023","1,534.84","1,526.15","1,536.59","1,518.38","15.18B","0.37%"
"05/22/2023","1,529.24","1,505.21","1,531.01","1,491.12","18.04B","0.95%"
"05/19/2023","1,514.89","1,529.15","1,530.47","1,512.66","15.03B","-0.77%"
"05/18/2023","1,526.69","1,531.15","1,541.06","1,526.69","15.58B","0.26%"
"05/17/2023","1,522.74","1,541.29","1,543.63","1,517.21","14.47B","-1.11%"
"05/16/2023","1,539.84","1,541.11","1,545.74","1,536.36","14.92B","-0.10%"
"05/15/2023","1,541.38","1,570.62","1,570.62","1,536.82","18.09B","-1.28%"
"05/12/2023","1,561.35","1,565.66","1,567.81","1,548.03","16.07B","-0.39%"
"05/11/2023","1,567.40","1,571.21","1,576.59","1,564.78","13.23B","-0.14%"
"05/10/2023","1,569.56","1,562.66","1,570.85","1,557.68","11.75B","0.31%"
"05/09/2023","1,564.66","1,561.76","1,569.74","1,554.68","12.53B","0.15%"
"05/08/2023","1,562.25","1,541.51","1,562.25","1,537.46","11.80B","1.89%"
"05/03/2023","1,533.30","1,521.17","1,533.90","1,507.22","15.64B","0.32%"
"05/02/2023","1,528.43","1,531.92","1,535.35","1,517.98","12.87B","-0.05%"
"04/28/2023","1,529.12","1,536.28","1,542.41","1,524.30","14.02B","-0.14%"
"04/27/2023","1,531.23","1,539.28","1,540.24","1,525.93","13.55B","-0.82%"
"04/26/2023","1,543.95","1,543.29","1,549.81","1,532.08","12.25B","0.24%"
"04/25/2023","1,540.20","1,557.80","1,559.86","1,538.31","14.70B","-1.13%"
"04/24/2023","1,557.87","1,555.76","1,561.55","1,553.15","12.12B","-0.03%"
"04/21/2023","1,558.36","1,563.91","1,572.43","1,549.64","16.54B","-0.43%"
"04/20/2023","1,565.10","1,579.98","1,582.30","1,562.11","14.09B","-0.99%"
"04/19/2023","1,580.73","1,588.90","1,595.08","1,579.23","14.69B","-0.82%"
"04/18/2023","1,593.85","1,600.16","1,601.31","1,589.58","11.38B","-0.41%"
"04/17/2023","1,600.41","1,593.09","1,604.21","1,587.87","13.46B","0.49%"
"04/12/2023","1,592.67","1,597.59","1,598.27","1,580.71","11.54B","-0.28%"
"04/11/2023","1,597.10","1,595.77","1,598.03","1,590.28","10.98B","0.25%"
"04/10/2023","1,593.13","1,577.39","1,596.54","1,571.14","12.11B","1.02%"
"04/07/2023","1,577.07","1,573.36","1,582.96","1,571.26","11.50B","0.38%"
"04/05/2023","1,571.13","1,593.92","1,594.69","1,569.37","12.56B","-1.44%"
"04/04/2023","1,594.05","1,601.89","1,603.79","1,591.20","14.16B","-0.39%"
"04/03/2023","1,600.37","1,610.84","1,613.98","1,593.96","16.62B","-0.55%"
"03/31/2023","1,609.17","1,607.00","1,614.09","1,605.55","13.83B","0.23%"
"03/30/2023","1,605.42","1,611.64","1,613.16","1,601.03","16.72B","-0.32%"
"03/29/2023","1,610.52","1,611.75","1,615.29","1,602.43","14.57B","0.22%"
"03/28/2023","1,606.91","1,600.82","1,607.75","1,599.92","15.78B","0.85%"
"03/27/2023","1,593.37","1,595.12","1,595.86","1,586.01","15.40B","0.10%"
"03/24/2023","1,591.85","1,596.94","1,599.78","1,588.25","15.84B","-0.11%"
"03/23/2023","1,593.65","1,582.26","1,598.59","1,577.70","17.67B","0.54%"
"03/22/2023","1,585.08","1,584.84","1,588.17","1,579.25","16.90B","0.50%"
"03/21/2023","1,577.18","1,564.32","1,579.69","1,561.65","18.03B","1.40%"
"03/20/2023","1,555.45","1,560.23","1,569.76","1,543.47","20.47B","-0.53%"
"03/17/2023","1,563.67","1,564.58","1,571.60","1,555.24","20.42B","0.58%"
"03/16/2023","1,554.65","1,549.76","1,558.67","1,538.10","21.13B","-0.66%"
"03/15/2023","1,565.00","1,544.19","1,573.51","1,543.61","20.71B","2.70%"
"03/14/2023","1,523.89","1,564.96","1,572.36","1,518.66","23.73B","-3.13%"
"03/13/2023","1,573.07","1,592.82","1,602.65","1,572.65","23.30B","-1.66%"
"03/10/2023","1,599.65","1,605.62","1,609.10","1,596.44","14.03B","-0.90%"
"03/09/2023","1,614.22","1,615.27","1,621.88","1,608.41","15.93B","0.10%"
"03/08/2023","1,612.60","1,606.13","1,615.51","1,599.87","17.88B","-0.37%"
"03/07/2023","1,618.51","1,613.29","1,624.78","1,612.80","16.70B","0.72%"
"03/03/2023","1,606.88","1,614.31","1,615.39","1,604.14","17.24B","-0.36%"
"03/02/2023","1,612.64","1,618.97","1,626.55","1,608.67","18.03B","-0.45%"
"03/01/2023","1,619.98","1,627.18","1,628.92","1,619.72","15.73B","-0.15%"
"02/28/2023","1,622.35","1,633.81","1,637.41","1,618.09","18.11B","-0.31%"
"02/27/2023","1,627.35","1,633.16","1,635.35","1,624.62","15.28B","-0.41%"
"02/24/2023","1,634.02","1,653.12","1,654.09","1,631.54","16.03B","-1.12%"
"02/23/2023","1,652.47","1,657.78","1,658.92","1,647.37","15.19B","-0.42%"
"02/22/2023","1,659.48","1,665.60","1,667.99","1,656.50","14.22B","-0.55%"
"02/21/2023","1,668.63","1,659.70","1,669.51","1,652.25","14.54B","0.66%"
"02/20/2023","1,657.69","1,654.90","1,660.18","1,650.39","12.53B","0.36%"
"02/17/2023","1,651.67","1,654.87","1,657.02","1,643.82","13.27B","-0.40%"
"02/16/2023","1,658.29","1,653.85","1,660.58","1,648.99","15.88B","0.66%"
"02/15/2023","1,647.39","1,651.19","1,657.53","1,642.97","22.53B","-0.32%"
"02/14/2023","1,652.76","1,667.97","1,669.71","1,648.74","18.27B","-0.73%"
"02/13/2023","1,664.89","1,661.37","1,669.98","1,658.43","14.95B","0.02%"
"02/10/2023","1,664.57","1,665.85","1,668.97","1,660.10","16.29B","-0.28%"
"02/09/2023","1,669.17","1,670.08","1,672.09","1,656.74","20.74B","-0.07%"
"02/08/2023","1,670.34","1,683.53","1,684.75","1,667.79","20.34B","-0.60%"
"02/07/2023","1,680.49","1,684.69","1,689.51","1,676.14","20.20B","-0.10%"
"02/06/2023","1,682.11","1,686.01","1,687.78","1,680.22","17.12B","-0.37%"
"02/03/2023","1,688.36","1,684.33","1,690.40","1,679.00","17.90B","0.34%"
"02/02/2023","1,682.58","1,689.16","1,692.94","1,681.74","20.24B","-0.19%"
"02/01/2023","1,685.75","1,676.67","1,687.98","1,675.73","19.76B","0.85%"
"01/31/2023","1,671.46","1,681.66","1,683.90","1,671.00","21.03B","-0.58%"
"01/30/2023","1,681.22","1,683.56","1,685.24","1,676.51","16.58B","0.00%"
"01/27/2023","1,681.30","1,674.41","1,683.77","1,670.91","15.59B","0.60%"
"01/26/2023","1,671.34","1,682.80","1,684.84","1,667.43","19.24B","-0.64%"
"01/25/2023","1,682.11","1,686.13","1,687.51","1,678.71","13.84B","-0.05%"
"01/24/2023","1,682.94","1,689.90","1,693.97","1,682.58","13.83B","-0.07%"
"01/23/2023","1,684.04","1,681.33","1,689.52","1,677.52","14.55B","0.40%"
"01/20/2023","1,677.25","1,687.42","1,688.59","1,672.49","18.60B","-0.67%"
"01/19/2023","1,688.48","1,682.13","1,690.69","1,681.72","15.82B","0.18%"
"01/18/2023","1,685.44","1,682.04","1,689.41","1,679.15","15.09B","0.26%"
"01/17/2023","1,681.04","1,686.09","1,688.56","1,679.20","14.22B","-0.23%"
"01/16/2023","1,684.86","1,686.35","1,691.35","1,679.99","17.63B","0.19%"
"01/13/2023","1,681.73","1,691.52","1,695.99","1,673.92","20.67B","-0.34%"
"01/12/2023","1,687.45","1,688.34","1,690.32","1,679.99","16.72B","0.10%"
"01/11/2023","1,685.75","1,693.22","1,695.13","1,681.88","17.83B","-0.33%"
"01/10/2023","1,691.41","1,694.17","1,695.53","1,684.90","15.56B","0.02%"
"01/09/2023","1,691.12","1,685.30","1,693.42","1,684.90","16.83B","1.03%"
"01/06/2023","1,673.86","1,667.14","1,677.79","1,665.49","16.40B","0.60%"
"01/05/2023","1,663.86","1,674.81","1,676.82","1,659.90","18.17B","-0.56%"
"01/04/2023","1,673.25","1,680.07","1,685.11","1,668.07","17.41B","-0.34%"
"01/03/2023","1,678.97","1,675.70","1,683.38","1,673.29","11.90B","0.62%"
"12/30/2022","1,668.66","1,662.65","1,678.17","1,661.48","13.65B","0.45%"
"12/29/2022","1,661.20","1,644.73","1,662.07","1,642.48","13.11B","0.85%"
"12/28/2022","1,647.28","1,644.00","1,649.42","1,641.54","13.31B","0.25%"
"12/27/2022","1,643.16","1,632.06","1,645.76","1,631.14","11.29B","1.01%"
"12/26/2022","1,626.80","1,620.69","1,629.26","1,619.69","7.14B","0.57%"
"12/23/2022","1,617.55","1,611.92","1,619.32","1,609.82","11.99B","0.05%"
"12/22/2022","1,616.67","1,614.53","1,618.86","1,611.81","10.51B","0.42%"
"12/21/2022","1,609.94","1,611.26","1,612.61","1,605.29","12.42B","0.34%"
"12/20/2022","1,604.44","1,619.72","1,621.54","1,597.03","15.76B","-0.85%"
"12/19/2022","1,618.20","1,619.03","1,624.34","1,613.94","13.00B","-0.05%"
"12/16/2022","1,619.01","1,615.55","1,620.44","1,612.02","15.68B","-0.08%"
"12/15/2022","1,620.28","1,632.64","1,634.02","1,616.99","16.64B","-0.80%"
"12/14/2022","1,633.36","1,630.49","1,638.88","1,628.17","14.17B","0.46%"
"12/13/2022","1,625.91","1,629.83","1,633.07","1,621.41","12.70B","0.17%"
"12/09/2022","1,623.13","1,621.97","1,629.93","1,618.13","12.34B","0.16%"
"12/08/2022","1,620.49","1,624.29","1,625.90","1,615.06","11.65B","-0.11%"
"12/07/2022","1,622.28","1,632.20","1,636.15","1,621.01","17.01B","-0.65%"
"12/06/2022","1,632.97","1,639.25","1,640.87","1,628.66","14.65B","-0.53%"
"12/02/2022","1,641.63","1,649.79","1,651.19","1,639.13","14.67B","-0.41%"
"12/01/2022","1,648.44","1,642.16","1,651.76","1,639.02","18.84B","0.80%"
"11/30/2022","1,635.36","1,626.14","1,636.08","1,622.24","17.50B","0.68%"
"11/29/2022","1,624.39","1,619.23","1,625.67","1,613.87","16.18B","0.46%"
"11/28/2022","1,616.91","1,616.43","1,620.78","1,612.56","13.00B","-0.24%"
"11/25/2022","1,620.84","1,622.39","1,622.89","1,615.95","11.01B","-0.25%"
"11/24/2022","1,624.96","1,628.79","1,630.08","1,621.57","13.45B","0.03%"
"11/23/2022","1,624.40","1,619.87","1,626.22","1,617.56","15.65B","0.56%"
"11/22/2022","1,615.33","1,620.34","1,629.22","1,612.25","18.10B","-0.22%"
"11/21/2022","1,618.86","1,613.43","1,623.30","1,611.45","14.85B","0.09%"
"11/18/2022","1,617.38","1,615.58","1,622.03","1,610.75","17.43B","0.15%"
"11/17/2022","1,614.95","1,617.65","1,619.05","1,611.28","17.07B","-0.31%"
"11/16/2022","1,619.98","1,628.74","1,629.06","1,616.82","17.49B","-0.58%"
"11/15/2022","1,629.38","1,625.58","1,632.42","1,623.33","20.62B","0.37%"
"11/14/2022","1,623.38","1,630.46","1,633.76","1,618.28","23.03B","-0.85%"
"11/11/2022","1,637.29","1,635.36","1,640.03","1,629.57","24.39B","1.12%"
"11/10/2022","1,619.23","1,614.01","1,623.97","1,611.17","18.48B","-0.20%"
"11/09/2022","1,622.45","1,633.58","1,635.37","1,619.69","19.96B","-0.62%"
"11/08/2022","1,632.61","1,628.19","1,635.87","1,627.93","17.23B","0.56%"
"11/07/2022","1,623.57","1,632.19","1,634.65","1,621.10","23.79B","-0.17%"
"11/04/2022","1,626.32","1,628.13","1,635.93","1,626.19","23.47B","0.04%"
"11/03/2022","1,625.62","1,621.87","1,628.78","1,619.99","18.42B","0.04%"
"11/02/2022","1,625.02","1,627.92","1,630.56","1,622.30","18.44B","-0.04%"
"11/01/2022","1,625.73","1,614.23","1,628.29","1,613.96","22.90B","1.05%"
"10/31/2022","1,608.76","1,614.66","1,619.08","1,605.76","17.71B","0.17%"
"10/28/2022","1,606.07","1,603.44","1,607.75","1,598.18","20.33B","0.23%"
"10/27/2022","1,602.33","1,600.40","1,605.76","1,592.49","20.87B","0.37%"
"10/26/2022","1,596.46","1,602.62","1,604.99","1,593.79","19.36B","-0.26%"
"10/25/2022","1,600.66","1,598.29","1,602.88","1,593.68","16.99B","0.59%"
"10/21/2022","1,591.32","1,592.72","1,597.93","1,588.01","16.49B","-0.09%"
"10/20/2022","1,592.73","1,585.12","1,595.57","1,579.78","19.58B","0.25%"
"10/19/2022","1,588.72","1,592.62","1,596.03","1,583.81","15.21B","-0.10%"
"10/18/2022","1,590.36","1,577.75","1,594.68","1,576.62","17.64B","1.21%"
"10/17/2022","1,571.40","1,563.05","1,573.67","1,553.80","15.21B","0.68%"
"10/12/2022","1,560.78","1,564.42","1,567.03","1,557.74","17.41B","-0.12%"
"10/11/2022","1,562.68","1,567.37","1,569.13","1,559.22","15.98B","-0.50%"
"10/10/2022","1,570.57","1,570.38","1,573.41","1,562.35","14.89B","-0.58%"
"10/07/2022","1,579.66","1,590.36","1,592.12","1,572.52","15.89B","-0.60%"
"10/06/2022","1,589.18","1,586.36","1,597.80","1,586.16","17.37B","0.56%"
"10/05/2022","1,580.27","1,586.58","1,590.34","1,576.71","18.90B","0.14%"
"10/04/2022","1,578.00","1,576.93","1,584.57","1,567.48","18.04B","1.28%"
"10/03/2022","1,558.05","1,586.51","1,592.72","1,556.73","20.78B","-1.98%"
"09/30/2022","1,589.51","1,589.98","1,597.44","1,584.22","18.37B","-0.18%"
"09/29/2022","1,592.37","1,607.84","1,617.23","1,589.79","23.19B","-0.43%"
"09/28/2022","1,599.23","1,600.94","1,606.23","1,595.76","19.58B","-0.70%"
"09/27/2022","1,610.58","1,622.74","1,627.30","1,610.32","22.79B","-0.66%"
"09/26/2022","1,621.25","1,626.61","1,627.95","1,615.32","17.65B","-0.64%"
"09/23/2022","1,631.71","1,646.02","1,647.34","1,631.50","15.92B","-0.83%"
"09/22/2022","1,645.29","1,631.01","1,649.29","1,627.34","18.80B","0.72%"
"09/21/2022","1,633.45","1,640.50","1,642.82","1,633.41","17.74B","-0.31%"
"09/20/2022","1,638.59","1,640.62","1,645.15","1,636.20","18.34B","0.43%"
"09/19/2022","1,631.57","1,632.61","1,638.68","1,628.96","17.22B","0.07%"
"09/16/2022","1,630.40","1,639.15","1,642.73","1,629.31","20.85B","-0.73%"
"09/15/2022","1,642.33","1,660.14","1,661.04","1,642.07","21.67B","-0.86%"
"09/14/2022","1,656.58","1,643.39","1,660.42","1,642.53","18.85B","-0.27%"
"09/13/2022","1,661.09","1,669.58","1,671.19","1,660.81","18.76B","-0.28%"
"09/12/2022","1,665.74","1,661.39","1,672.64","1,660.83","14.79B","0.67%"
"09/09/2022","1,654.62","1,646.64","1,658.96","1,641.82","18.18B","0.89%"
"09/08/2022","1,640.00","1,645.75","1,649.17","1,636.33","21.33B","0.00%"
"09/07/2022","1,639.92","1,631.49","1,641.25","1,628.80","21.69B","0.37%"
"09/06/2022","1,633.87","1,626.62","1,636.70","1,624.92","20.48B","0.73%"
"09/05/2022","1,622.00","1,622.38","1,622.72","1,611.86","19.77B","-0.01%"
"09/02/2022","1,622.15","1,622.86","1,626.48","1,611.19","21.53B","0.01%"
"09/01/2022","1,621.95","1,636.52","1,640.65","1,617.75","24.51B","-1.04%"
"08/31/2022","1,638.93","1,632.92","1,644.09","1,630.01","26.63B","-0.03%"
"08/30/2022","1,639.45","1,631.17","1,641.51","1,627.71","20.98B","0.79%"
"08/29/2022","1,626.52","1,622.43","1,634.63","1,619.58","20.46B","-1.11%"
"08/26/2022","1,644.78","1,646.18","1,650.71","1,639.04","20.05B","0.08%"
"08/25/2022","1,643.52","1,638.51","1,646.55","1,636.91","19.63B","0.73%"
"08/24/2022","1,631.55","1,632.97","1,638.75","1,624.60","23.64B","-0.12%"
"08/23/2022","1,633.57","1,613.20","1,635.78","1,609.81","19.30B","1.10%"
"08/22/2022","1,615.82","1,623.72","1,628.51","1,612.41","15.76B","-0.62%"
"08/19/2022","1,625.92","1,635.35","1,638.75","1,623.69","19.30B","-0.62%"
"08/18/2022","1,636.07","1,638.74","1,641.31","1,630.99","16.54B","-0.22%"
"08/17/2022","1,639.72","1,633.65","1,642.17","1,632.26","18.87B","0.60%"
"08/16/2022","1,629.95","1,629.44","1,632.86","1,624.92","19.88B","0.29%"
"08/15/2022","1,625.25","1,621.20","1,630.12","1,617.00","17.41B","0.18%"
"08/11/2022","1,622.26","1,624.75","1,626.28","1,612.61","20.05B","0.31%"
"08/10/2022","1,617.21","1,616.40","1,618.07","1,606.09","17.86B","-0.10%"
"08/09/2022","1,618.80","1,608.96","1,620.98","1,606.48","18.47B","0.62%"
"08/08/2022","1,608.87","1,602.81","1,608.88","1,589.62","18.26B","0.49%"
"08/05/2022","1,601.09","1,602.04","1,603.86","1,595.89","15.87B","0.15%"
"08/04/2022","1,598.75","1,599.96","1,604.85","1,592.28","19.75B","0.25%"
"08/03/2022","1,594.73","1,590.52","1,597.74","1,586.49","16.14B","0.35%"
"08/02/2022","1,589.16","1,588.76","1,598.54","1,585.71","18.21B","-0.26%"
"08/01/2022","1,593.24","1,584.93","1,596.66","1,581.23","20.09B","1.07%"
"07/27/2022","1,576.41","1,557.11","1,576.78","1,555.64","17.37B","1.50%"
"07/26/2022","1,553.18","1,563.16","1,563.84","1,551.96","15.76B","-0.46%"
"07/25/2022","1,560.31","1,553.70","1,563.27","1,548.10","18.21B","0.49%"
"07/22/2022","1,552.73","1,551.20","1,556.26","1,541.97","19.22B","0.42%"
"07/21/2022","1,546.31","1,538.40","1,547.83","1,535.51","18.70B","0.45%"
"07/20/2022","1,539.32","1,542.59","1,545.25","1,535.52","18.17B","0.38%"
"07/19/2022","1,533.43","1,540.42","1,541.55","1,520.77","18.03B","-0.74%"
"07/18/2022","1,544.81","1,539.13","1,546.29","1,535.81","16.02B","0.75%"
"07/15/2022","1,533.37","1,538.76","1,539.96","1,517.51","20.25B","-0.22%"
"07/14/2022","1,536.82","1,543.40","1,550.33","1,532.08","18.71B","-0.65%"
"07/12/2022","1,546.80","1,553.83","1,556.90","1,542.95","16.79B","-0.68%"
"07/11/2022","1,557.40","1,556.01","1,560.01","1,548.87","15.00B","-0.03%"
"07/08/2022","1,557.87","1,568.60","1,569.48","1,554.26","18.40B","-0.29%"
"07/07/2022","1,562.37","1,545.33","1,563.65","1,542.75","19.08B","1.33%"
"07/06/2022","1,541.79","1,539.65","1,546.84","1,530.43","22.72B","0.03%"
"07/05/2022","1,541.30","1,566.51","1,569.96","1,539.32","21.99B","-1.22%"
"07/04/2022","1,560.27","1,575.03","1,577.10","1,559.64","18.96B","-0.79%"
"07/01/2022","1,572.67","1,571.19","1,575.77","1,563.39","14.99B","0.28%"
"06/30/2022","1,568.33","1,587.82","1,591.23","1,564.82","20.89B","-1.13%"
"06/29/2022","1,586.18","1,588.03","1,590.05","1,582.52","18.56B","-0.52%"
"06/28/2022","1,594.47","1,580.68","1,596.27","1,576.75","20.03B","0.90%"
"06/27/2022","1,580.20","1,577.89","1,584.05","1,575.29","18.80B","0.73%"
"06/24/2022","1,568.76","1,567.14","1,570.62","1,559.74","17.72B","0.72%"
"06/23/2022","1,557.61","1,564.21","1,565.53","1,555.52","20.65B","-0.15%"
"06/22/2022","1,560.02","1,571.35","1,572.66","1,551.42","21.19B","-0.92%"
"06/21/2022","1,574.52","1,568.63","1,576.05","1,563.14","18.17B","0.98%"
"06/20/2022","1,559.21","1,554.84","1,563.97","1,549.98","17.76B","-0.01%"
"06/17/2022","1,559.39","1,553.07","1,567.82","1,544.26","24.54B","-0.11%"
"06/16/2022","1,561.10","1,604.73","1,607.19","1,560.94","25.52B","-2.04%"
"06/15/2022","1,593.54","1,605.54","1,606.31","1,589.28","20.18B","-0.59%"
"06/14/2022","1,603.03","1,597.17","1,605.53","1,590.75","19.92B","0.19%"
"06/13/2022","1,600.06","1,611.84","1,616.31","1,599.34","20.53B","-1.99%"
"06/10/2022","1,632.62","1,637.36","1,640.86","1,631.43","18.74B","-0.53%"
"06/09/2022","1,641.34","1,637.53","1,646.44","1,636.20","23.56B","0.27%"
"06/08/2022","1,636.89","1,639.10","1,641.08","1,631.12","17.89B","0.30%"
"06/07/2022","1,631.92","1,644.22","1,645.41","1,630.37","19.66B","-0.86%"
"06/06/2022","1,646.08","1,650.41","1,652.11","1,636.08","18.68B","-0.10%"
"06/02/2022","1,647.67","1,657.01","1,658.05","1,645.89","17.43B","-0.74%"
"06/01/2022","1,660.01","1,662.32","1,664.90","1,655.80","20.84B","-0.20%"
"05/31/2022","1,663.41","1,654.27","1,663.52","1,649.60","20.44B","0.59%"
"05/30/2022","1,653.61","1,649.51","1,656.54","1,646.95","20.22B","0.91%"
"05/27/2022","1,638.75","1,643.18","1,646.37","1,632.66","22.71B","0.31%"
"05/26/2022","1,633.73","1,630.53","1,636.02","1,629.31","20.78B","0.53%"
"05/25/2022","1,625.18","1,632.12","1,640.69","1,624.03","22.68B","-0.06%"
"05/24/2022","1,626.23","1,636.12","1,636.97","1,625.93","20.33B","-0.55%"
"05/23/2022","1,635.28","1,627.71","1,635.35","1,623.60","20.39B","0.76%"
"05/20/2022","1,622.95","1,618.92","1,626.16","1,616.46","21.20B","1.06%"
"05/19/2022","1,605.98","1,595.43","1,611.67","1,592.10","20.99B","-0.89%"
"05/18/2022","1,620.33","1,617.70","1,622.17","1,607.31","22.16B","0.36%"
"05/17/2022","1,614.49","1,595.60","1,615.48","1,590.96","23.12B","1.90%"
"05/13/2022","1,584.38","1,592.47","1,597.58","1,578.11","22.38B","-0.01%"
"05/12/2022","1,584.52","1,607.28","1,607.88","1,580.10","25.34B","-1.79%"
"05/11/2022","1,613.34","1,621.35","1,622.70","1,604.30","23.11B","-0.58%"
"05/10/2022","1,622.78","1,599.98","1,622.82","1,592.64","24.36B","1.14%"
"05/09/2022","1,604.49","1,623.71","1,624.26","1,604.06","19.77B","-1.54%"
"05/06/2022","1,629.58","1,626.08","1,634.65","1,617.94","23.54B","-0.83%"
"05/05/2022","1,643.30","1,663.25","1,667.12","1,643.17","23.02B","-0.54%"
"05/03/2022","1,652.29","1,667.41","1,668.54","1,649.50","21.16B","-0.91%"
"04/29/2022","1,667.44","1,667.81","1,673.54","1,666.84","23.65B","-0.02%"
"04/28/2022","1,667.74","1,663.14","1,669.04","1,658.47","22.36B","0.35%"
"04/27/2022","1,661.89","1,667.45","1,670.22","1,655.25","23.88B","-0.42%"
"04/26/2022","1,668.97","1,681.74","1,685.42","1,668.76","25.79B","-0.38%"
"04/25/2022","1,675.33","1,677.55","1,683.06","1,672.99","20.90B","-0.90%"
"04/22/2022","1,690.59","1,686.26","1,690.59","1,680.86","23.21B","0.00%"
"04/21/2022","1,690.55","1,686.31","1,693.97","1,682.65","22.95B","0.61%"
"04/20/2022","1,680.35","1,678.50","1,685.90","1,675.58","21.36B","0.28%"
"04/19/2022","1,675.62","1,675.26","1,681.75","1,673.91","23.51B","0.45%"
"04/18/2022","1,668.06","1,669.09","1,675.95","1,665.25","18.48B","-0.38%"
"04/12/2022","1,674.34","1,673.72","1,678.44","1,669.36","19.13B","-0.25%"
"04/11/2022","1,678.46","1,683.45","1,685.95","1,675.95","22.08B","-0.45%"
"04/08/2022","1,686.00","1,684.66","1,690.58","1,678.07","24.66B","0.21%"
"04/07/2022","1,682.41","1,693.46","1,694.23","1,674.81","26.97B","-1.10%"
"04/05/2022","1,701.18","1,705.86","1,708.89","1,698.33","20.07B","-0.10%"
"04/04/2022","1,702.93","1,704.64","1,706.77","1,699.82","23.36B","0.10%"
"04/01/2022","1,701.31","1,693.67","1,701.99","1,690.70","23.98B","0.36%"
"03/31/2022","1,695.24","1,698.80","1,701.95","1,693.16","24.39B","-0.19%"
"03/30/2022","1,698.40","1,694.84","1,702.67","1,692.73","30.46B","0.51%"
"03/29/2022","1,689.74","1,688.52","1,692.90","1,686.84","25.42B","0.32%"
"03/28/2022","1,684.30","1,678.13","1,687.20","1,676.75","21.91B","0.45%"
"03/25/2022","1,676.80","1,683.67","1,685.41","1,674.12","24.32B","-0.24%"
"03/24/2022","1,680.89","1,677.52","1,685.12","1,675.19","24.81B","0.18%"
"03/23/2022","1,677.95","1,684.03","1,686.14","1,676.88","24.14B","0.00%"
"03/22/2022","1,677.87","1,672.99","1,680.00","1,670.55","27.10B","0.24%"
"03/21/2022","1,673.87","1,683.69","1,685.78","1,671.08","25.86B","-0.28%"
"03/18/2022","1,678.51","1,684.12","1,685.68","1,677.16","26.90B","-0.19%"
"03/17/2022","1,681.76","1,679.27","1,686.45","1,677.19","32.97B","0.83%"
"03/16/2022","1,667.92","1,655.01","1,668.95","1,653.87","27.37B","1.43%"
"03/15/2022","1,644.36","1,656.78","1,663.32","1,639.90","27.11B","-0.95%"
"03/14/2022","1,660.15","1,656.36","1,662.66","1,651.90","24.67B","0.13%"
"03/11/2022","1,658.01","1,642.27","1,659.67","1,637.93","29.53B","0.66%"
"03/10/2022","1,647.08","1,652.99","1,659.29","1,643.39","30.28B","0.21%"
"03/09/2022","1,643.64","1,626.72","1,643.87","1,610.34","34.13B","1.52%"
"03/08/2022","1,619.10","1,622.03","1,633.50","1,580.80","42.49B","-0.47%"
"03/07/2022","1,626.70","1,654.43","1,655.19","1,616.08","31.73B","-2.69%"
"03/04/2022","1,671.72","1,687.99","1,689.89","1,671.70","29.75B","-1.44%"
"03/03/2022","1,696.08","1,701.26","1,705.50","1,691.20","29.94B","0.37%"
"03/02/2022","1,689.81","1,694.64","1,699.58","1,684.53","27.83B","-0.26%"
"03/01/2022","1,694.28","1,694.95","1,701.69","1,690.82","27.58B","0.54%"
"02/28/2022","1,685.18","1,678.05","1,690.61","1,668.05","27.86B","0.31%"
"02/25/2022","1,679.90","1,676.12","1,684.50","1,670.13","27.64B","1.03%"
"02/24/2022","1,662.72","1,683.92","1,690.50","1,656.62","39.61B","-1.99%"
"02/23/2022","1,696.45","1,694.07","1,700.35","1,686.09","28.81B","0.32%"
"02/22/2022","1,691.12","1,681.24","1,691.62","1,673.31","29.18B","-0.19%"
"02/21/2022","1,694.32","1,712.95","1,713.87","1,692.13","28.47B","-1.10%"
"02/18/2022","1,713.20","1,709.03","1,716.14","1,703.60","28.70B","0.09%"
"02/17/2022","1,711.58","1,709.50","1,718.55","1,708.43","27.67B","0.60%"
"02/15/2022","1,701.45","1,688.67","1,702.74","1,687.18","29.60B","0.99%"
"02/14/2022","1,684.69","1,692.89","1,694.19","1,680.83","30.71B","-0.85%"
"02/11/2022","1,699.20","1,694.71","1,703.95","1,690.69","28.50B","-0.22%"
"02/10/2022","1,703.00","1,705.73","1,707.44","1,696.73","29.01B","-0.01%"
"02/09/2022","1,703.16","1,689.52","1,708.03","1,688.95","37.48B","1.12%"
"02/08/2022","1,684.23","1,680.61","1,685.14","1,677.48","26.72B","0.42%"
"02/07/2022","1,677.24","1,679.08","1,681.17","1,667.29","25.30B","0.18%"
"02/04/2022","1,674.22","1,672.90","1,678.72","1,672.39","22.36B","0.31%"
"02/03/2022","1,669.05","1,664.63","1,673.75","1,664.09","24.64B","0.08%"
"02/02/2022","1,667.75","1,665.80","1,669.50","1,658.58","21.22B","0.36%"
"02/01/2022","1,661.75","1,659.43","1,663.76","1,658.26","19.92B","0.78%"
"01/31/2022","1,648.81","1,647.68","1,655.48","1,646.88","21.18B","0.57%"
"01/28/2022","1,639.51","1,637.82","1,646.48","1,636.70","24.20B","0.33%"
"01/27/2022","1,634.17","1,633.78","1,635.14","1,617.87","33.19B","-0.56%"
"01/26/2022","1,643.44","1,645.49","1,649.82","1,642.07","27.52B","0.27%"
"01/25/2022","1,639.09","1,636.33","1,641.68","1,624.29","31.20B","-0.09%"
"01/24/2022","1,640.54","1,650.34","1,654.99","1,639.14","29.12B","-0.74%"
"01/21/2022","1,652.73","1,651.21","1,655.42","1,641.86","29.88B","-0.26%"
"01/20/2022","1,656.96","1,663.31","1,666.60","1,656.47","29.79B","-0.08%"
"01/19/2022","1,658.24","1,658.86","1,667.44","1,653.38","37.43B","-0.12%"
"01/18/2022","1,660.27","1,680.28","1,682.93","1,660.15","42.96B","-0.99%"
"01/17/2022","1,676.87","1,675.81","1,680.39","1,672.93","31.13B","0.25%"
"01/14/2022","1,672.63","1,676.58","1,680.02","1,670.70","46.66B","-0.44%"
"01/13/2022","1,680.02","1,680.83","1,682.71","1,675.74","32.23B","0.09%"
"01/12/2022","1,678.50","1,676.03","1,680.85","1,673.00","30.67B","0.68%"
"01/11/2022","1,667.12","1,659.33","1,667.70","1,659.00","26.93B","0.61%"
"01/10/2022","1,657.06","1,661.50","1,664.23","1,654.05","27.66B","-0.03%"
"01/07/2022","1,657.62","1,659.15","1,662.42","1,650.53","28.60B","0.28%"
"01/06/2022","1,653.03","1,663.59","1,666.22","1,653.03","30.73B","-1.42%"
"01/05/2022","1,676.79","1,672.89","1,677.95","1,670.59","27.93B","0.39%"
"01/04/2022","1,670.28","1,664.51","1,674.19","1,663.50","28.68B","0.76%"
"12/30/2021","1,657.62","1,657.29","1,660.85","1,652.37","21.31B","0.26%"
"12/29/2021","1,653.33","1,643.43","1,654.98","1,641.75","24.68B","0.72%"
"12/28/2021","1,641.52","1,640.97","1,650.28","1,640.61","25.10B","0.31%"
"12/27/2021","1,636.50","1,641.28","1,642.42","1,632.79","20.52B","-0.04%"
"12/24/2021","1,637.22","1,642.64","1,644.12","1,635.19","21.13B","-0.26%"
"12/23/2021","1,641.47","1,633.20","1,645.71","1,632.90","24.44B","0.90%"
"12/22/2021","1,626.79","1,628.42","1,632.33","1,624.77","22.07B","0.28%"
"12/21/2021","1,622.25","1,623.20","1,628.84","1,618.57","29.25B","0.40%"
"12/20/2021","1,615.80","1,631.22","1,633.80","1,612.96","28.64B","-1.58%"
"12/17/2021","1,641.73","1,644.10","1,646.85","1,637.09","26.96B","-0.22%"
"12/16/2021","1,645.32","1,629.48","1,645.44","1,624.31","29.06B","1.33%"
"12/15/2021","1,623.66","1,628.01","1,630.89","1,622.49","25.49B","-0.43%"
"12/14/2021","1,630.64","1,619.69","1,630.93","1,616.51","24.96B","0.30%"
"12/13/2021","1,625.83","1,626.26","1,628.93","1,618.57","28.23B","0.47%"
"12/09/2021","1,618.23","1,621.63","1,623.82","1,612.57","28.29B","-0.01%"
"12/08/2021","1,618.36","1,617.09","1,621.21","1,610.30","25.53B","0.56%"
"12/07/2021","1,609.28","1,600.17","1,611.58","1,595.14","28.23B","1.33%"
"12/03/2021","1,588.19","1,593.08","1,597.25","1,587.53","23.38B","-0.23%"
"12/02/2021","1,591.84","1,583.38","1,592.00","1,580.08","24.10B","0.06%"
"12/01/2021","1,590.81","1,576.26","1,591.86","1,563.04","31.10B","1.41%"
"11/30/2021","1,568.69","1,601.52","1,612.10","1,565.95","38.76B","-1.32%"
"11/29/2021","1,589.69","1,608.01","1,617.55","1,587.78","33.56B","-1.30%"
"11/26/2021","1,610.61","1,639.54","1,640.91","1,608.55","38.13B","-2.30%"
"11/25/2021","1,648.46","1,654.94","1,656.46","1,644.87","22.82B","-0.08%"
"11/24/2021","1,649.82","1,650.54","1,658.60","1,647.90","28.57B","0.21%"
"11/23/2021","1,646.42","1,652.62","1,654.49","1,644.02","27.81B","-0.19%"
"11/22/2021","1,649.54","1,648.14","1,653.33","1,645.09","28.41B","0.27%"
"11/19/2021","1,645.06","1,653.36","1,656.27","1,641.52","39.41B","-0.36%"
"11/18/2021","1,651.02","1,643.39","1,653.68","1,642.50","30.37B","0.39%"
"11/17/2021","1,644.60","1,646.86","1,651.51","1,642.36","26.61B","0.04%"
"11/16/2021","1,644.01","1,642.05","1,648.43","1,639.08","27.47B","0.32%"
"11/15/2021","1,638.73","1,636.41","1,642.60","1,635.22","24.57B","0.29%"
"11/12/2021","1,633.94","1,636.63","1,640.66","1,632.88","24.89B","0.09%"
"11/11/2021","1,632.44","1,629.28","1,634.44","1,626.80","25.78B","0.12%"
"11/10/2021","1,630.47","1,627.67","1,633.43","1,625.13","25.12B","-0.07%"
"11/09/2021","1,631.69","1,626.80","1,633.76","1,623.64","25.11B","0.34%"
"11/08/2021","1,626.13","1,631.34","1,635.62","1,621.35","29.48B","-0.01%"
"11/05/2021","1,626.22","1,627.45","1,628.60","1,619.62","23.06B","0.00%"
"11/04/2021","1,626.27","1,613.45","1,627.57","1,607.73","30.11B","0.89%"
"11/03/2021","1,611.92","1,620.52","1,623.08","1,607.72","32.05B","-0.37%"
"11/02/2021","1,617.89","1,616.74","1,621.69","1,608.64","28.89B","0.25%"
"11/01/2021","1,613.78","1,627.59","1,632.73","1,611.39","28.46B","-0.59%"
"10/29/2021","1,623.43","1,626.27","1,629.25","1,619.14","26.23B","-0.05%"
"10/28/2021","1,624.31","1,626.06","1,632.30","1,622.56","28.59B","-0.20%"
"10/27/2021","1,627.61","1,632.44","1,635.68","1,626.56","27.68B","-0.51%"
"10/26/2021","1,635.97","1,635.61","1,639.93","1,627.68","29.43B","0.11%"
"10/25/2021","1,634.20","1,645.00","1,645.91","1,631.29","25.65B","-0.56%"
"10/21/2021","1,643.42","1,644.39","1,646.50","1,639.16","27.24B","0.36%"
"10/20/2021","1,637.55","1,633.88","1,639.41","1,632.62","28.17B","0.44%"
"10/19/2021","1,630.39","1,648.48","1,649.66","1,627.12","36.15B","-0.82%"
"10/18/2021","1,643.92","1,641.97","1,648.00","1,639.92","30.42B","0.34%"
"10/15/2021","1,638.34","1,646.35","1,651.41","1,635.14","33.00B","-0.16%"
"10/14/2021","1,640.97","1,647.56","1,648.62","1,637.42","32.57B","-0.16%"
"10/12/2021","1,643.64","1,644.56","1,646.85","1,637.49","31.18B","0.62%"
"10/11/2021","1,633.44","1,644.38","1,646.50","1,629.95","31.47B","-0.36%"
"10/08/2021","1,639.41","1,641.92","1,644.16","1,635.77","30.14B","0.35%"
"10/07/2021","1,633.72","1,627.15","1,637.82","1,624.59","33.37B","0.88%"
"10/06/2021","1,619.48","1,626.65","1,631.81","1,617.24","34.58B","-0.29%"
"10/05/2021","1,624.24","1,612.50","1,626.44","1,611.42","32.67B","0.60%"
"10/04/2021","1,614.48","1,611.69","1,619.62","1,610.96","29.83B","0.58%"
"10/01/2021","1,605.17","1,600.59","1,609.48","1,593.32","30.35B","-0.03%"
"09/30/2021","1,605.68","1,616.99","1,621.15","1,601.79","34.58B","-0.70%"
"09/29/2021","1,616.98","1,605.19","1,622.62","1,604.46","32.43B","0.03%"
"09/28/2021","1,616.50","1,623.88","1,626.55","1,614.31","39.32B","-0.22%"
"09/27/2021","1,620.02","1,637.30","1,639.97","1,616.60","45.72B","-0.68%"
"09/23/2021","1,631.15","1,632.92","1,637.65","1,623.00","43.83B","0.71%"
"09/22/2021","1,619.59","1,614.74","1,623.86","1,611.76","36.45B","0.29%"
"09/21/2021","1,614.86","1,604.64","1,618.19","1,591.81","33.67B","0.74%"
"09/20/2021","1,603.06","1,617.44","1,620.72","1,601.16","32.48B","-1.39%"
"09/17/2021","1,625.65","1,632.18","1,635.04","1,617.31","34.86B","-0.37%"
"09/16/2021","1,631.70","1,633.28","1,636.01","1,628.57","31.41B","0.22%"
"09/15/2021","1,628.04","1,624.17","1,630.05","1,620.84","30.07B","0.26%"
"09/14/2021","1,623.84","1,639.90","1,640.40","1,621.96","34.98B","-0.61%"
"09/13/2021","1,633.76","1,634.43","1,642.63","1,627.29","42.53B","-0.10%"
"09/10/2021","1,635.35","1,633.10","1,639.65","1,620.58","36.65B","0.38%"
"09/09/2021","1,629.12","1,637.65","1,646.07","1,626.95","38.15B","-0.69%"
"09/08/2021","1,640.45","1,632.18","1,641.29","1,627.17","36.30B","0.24%"
"09/07/2021","1,636.45","1,653.67","1,658.08","1,635.11","38.51B","-0.72%"
"09/06/2021","1,648.37","1,652.33","1,655.04","1,644.56","36.39B","-0.12%"
"09/03/2021","1,650.33","1,654.00","1,657.79","1,644.12","33.49B","0.16%"
"09/02/2021","1,647.75","1,634.25","1,652.03","1,633.12","37.35B","0.81%"
"09/01/2021","1,634.48","1,643.01","1,646.07","1,628.16","45.60B","-0.26%"
"08/31/2021","1,638.75","1,632.65","1,643.76","1,628.12","35.86B","0.30%"
"08/30/2021","1,633.77","1,621.68","1,634.92","1,621.42","33.03B","1.40%"
"08/27/2021","1,611.20","1,602.16","1,615.22","1,600.00","36.61B","0.58%"
"08/26/2021","1,601.91","1,601.99","1,603.99","1,595.69","30.37B","0.09%"
"08/25/2021","1,600.49","1,591.29","1,601.09","1,588.37","32.49B","0.85%"
"08/24/2021","1,586.98","1,590.12","1,598.39","1,585.46","30.83B","0.31%"
"08/23/2021","1,582.07","1,566.10","1,583.13","1,565.93","34.18B","1.86%"
"08/20/2021","1,553.18","1,549.92","1,554.45","1,545.92","31.18B","0.58%"
"08/19/2021","1,544.28","1,546.70","1,553.90","1,543.75","31.45B","-0.49%"
"08/18/2021","1,551.87","1,546.71","1,557.08","1,545.33","29.28B","0.50%"
"08/17/2021","1,544.22","1,536.94","1,545.95","1,533.32","30.32B","0.85%"
"08/16/2021","1,531.24","1,527.08","1,532.94","1,512.28","32.27B","0.19%"
"08/13/2021","1,528.32","1,530.68","1,541.08","1,525.51","30.99B","-0.29%"
"08/11/2021","1,532.71","1,549.41","1,550.74","1,531.58","35.07B","-0.64%"
"08/10/2021","1,542.62","1,544.31","1,551.61","1,539.40","33.08B","0.16%"
"08/09/2021","1,540.19","1,528.16","1,543.71","1,525.29","28.91B","1.21%"
"08/06/2021","1,521.72","1,530.43","1,537.27","1,514.67","32.04B","-0.39%"
"08/05/2021","1,527.66","1,544.83","1,547.38","1,526.91","36.32B","-1.18%"
"08/04/2021","1,545.86","1,542.11","1,548.63","1,533.36","26.31B","0.35%"
"08/03/2021","1,540.51","1,525.24","1,540.52","1,524.37","24.19B","1.01%"
"08/02/2021","1,525.11","1,523.42","1,525.73","1,513.71","23.06B","0.21%"
"07/30/2021","1,521.92","1,536.91","1,539.03","1,516.77","32.14B","-1.03%"
"07/29/2021","1,537.78","1,541.80","1,545.08","1,533.94","25.63B","0.01%"
"07/27/2021","1,537.63","1,547.40","1,551.43","1,531.81","23.04B","-0.48%"
"07/23/2021","1,545.10","1,550.86","1,553.25","1,540.35","22.04B","-0.47%"
"07/22/2021","1,552.36","1,549.85","1,554.65","1,546.26","23.50B","0.75%"
"07/21/2021","1,540.88","1,543.17","1,545.39","1,532.34","25.32B","0.13%"
"07/20/2021","1,538.86","1,551.26","1,552.38","1,530.62","28.48B","-1.10%"
"07/19/2021","1,556.01","1,557.81","1,563.88","1,551.79","21.90B","-1.17%"
"07/16/2021","1,574.37","1,569.23","1,575.66","1,567.17","26.01B","0.15%"
"07/15/2021","1,572.01","1,575.05","1,580.43","1,570.96","26.75B","0.15%"
"07/14/2021","1,569.70","1,570.12","1,573.04","1,561.00","23.02B","-0.08%"
"07/13/2021","1,570.99","1,557.26","1,571.82","1,555.88","24.58B","1.36%"
"07/12/2021","1,549.84","1,558.63","1,561.72","1,544.71","23.47B","-0.14%"
"07/09/2021","1,552.09","1,537.97","1,554.60","1,535.69","30.36B","0.55%"
"07/08/2021","1,543.67","1,563.96","1,567.33","1,540.56","33.54B","-2.09%"
"07/07/2021","1,576.60","1,585.04","1,587.70","1,574.14","27.53B","-0.93%"
"07/06/2021","1,591.43","1,585.96","1,594.15","1,585.34","20.97B","0.77%"
"07/05/2021","1,579.28","1,580.69","1,582.46","1,573.67","21.23B","0.05%"
"07/02/2021","1,578.49","1,591.37","1,596.05","1,574.92","25.87B","-0.96%"
"07/01/2021","1,593.75","1,591.04","1,596.36","1,584.69","26.16B","0.38%"
"06/30/2021","1,587.79","1,597.26","1,600.57","1,584.47","26.23B","-0.23%"
"06/29/2021","1,591.43","1,580.89","1,596.08","1,579.44","24.06B","0.78%"
"06/28/2021","1,579.17","1,572.18","1,581.34","1,565.31","23.08B","-0.22%"
"06/25/2021","1,582.67","1,592.02","1,596.16","1,577.63","22.02B","-0.19%"
"06/24/2021","1,585.72","1,587.73","1,589.33","1,569.93","28.60B","-0.40%"
"06/23/2021","1,592.08","1,605.31","1,606.39","1,590.63","25.90B","-0.45%"
"06/22/2021","1,599.23","1,610.85","1,613.66","1,598.56","25.72B","-0.12%"
"06/21/2021","1,601.13","1,596.96","1,602.66","1,590.55","29.11B","-0.73%"
"06/18/2021","1,612.98","1,619.88","1,622.43","1,604.44","30.19B","-0.29%"
"06/17/2021","1,617.65","1,621.38","1,631.69","1,615.62","30.57B","-0.44%"
"06/16/2021","1,624.79","1,622.78","1,631.23","1,619.23","28.85B","0.15%"
"06/15/2021","1,622.31","1,634.45","1,636.10","1,618.60","28.63B","-0.66%"
"06/14/2021","1,633.06","1,641.68","1,642.80","1,629.33","29.70B","-0.21%"
"06/11/2021","1,636.56","1,632.04","1,636.92","1,628.14","36.28B","0.69%"
"06/10/2021","1,625.27","1,631.92","1,636.22","1,623.57","33.01B","-0.06%"
"06/09/2021","1,626.27","1,618.06","1,628.42","1,617.83","31.02B","0.83%"
"06/08/2021","1,612.88","1,614.85","1,618.70","1,605.31","35.12B","0.02%"
"06/07/2021","1,612.59","1,618.74","1,625.56","1,611.78","32.50B","0.07%"
"06/04/2021","1,611.53","1,613.72","1,622.89","1,611.34","32.55B","-0.37%"
"06/02/2021","1,617.55","1,624.83","1,627.67","1,612.94","33.30B","-0.06%"
"06/01/2021","1,618.59","1,602.65","1,620.53","1,598.66","37.16B","1.57%"
"05/31/2021","1,593.59","1,582.56","1,594.65","1,578.09","32.40B","0.73%"
"05/28/2021","1,581.98","1,590.44","1,595.45","1,579.53","31.99B","-0.06%"
"05/27/2021","1,582.96","1,570.50","1,587.54","1,568.89","34.43B","0.92%"
"05/25/2021","1,568.58","1,562.89","1,572.03","1,560.13","29.07B","1.08%"
"05/24/2021","1,551.85","1,555.23","1,559.60","1,547.14","38.52B","-0.04%"
"05/21/2021","1,552.44","1,559.82","1,560.51","1,546.55","36.97B","-0.14%"
"05/20/2021","1,554.54","1,565.39","1,568.72","1,554.54","32.86B","-0.49%"
"05/19/2021","1,562.24","1,561.97","1,570.05","1,557.83","30.51B","-0.29%"
"05/18/2021","1,566.80","1,559.93","1,570.37","1,558.85","33.73B","1.14%"
"05/17/2021","1,549.16","1,542.23","1,554.08","1,529.69","37.82B","-0.02%"
"05/14/2021","1,549.48","1,555.72","1,558.86","1,532.29","34.66B","0.09%"
"05/13/2021","1,548.13","1,554.10","1,561.80","1,501.02","42.72B","-1.51%"
"05/12/2021","1,571.85","1,576.66","1,578.34","1,557.94","34.37B","-0.45%"
"05/11/2021","1,578.93","1,579.25","1,590.54","1,566.91","34.31B","-0.58%"
"05/10/2021","1,588.15","1,596.61","1,596.80","1,576.79","32.17B","0.20%"
"05/07/2021","1,585.03","1,582.25","1,589.21","1,577.19","33.15B","0.83%"
"05/06/2021","1,571.91","1,553.27","1,575.37","1,551.42","31.70B","1.46%"
"05/05/2021","1,549.22","1,581.86","1,583.27","1,547.35","40.51B","-2.14%"
"04/30/2021","1,583.13","1,591.12","1,593.23","1,580.74","32.48B","-0.46%"
"04/29/2021","1,590.46","1,584.55","1,592.90","1,583.98","30.96B","0.87%"
"04/28/2021","1,576.79","1,565.70","1,578.62","1,562.84","33.62B","1.13%"
"04/27/2021","1,559.23","1,564.06","1,570.58","1,553.03","42.21B","-0.02%"
"04/26/2021","1,559.53","1,552.05","1,561.52","1,544.10","32.81B","0.38%"
"04/23/2021","1,553.59","1,563.46","1,564.62","1,550.62","29.52B","-0.93%"
"04/22/2021","1,568.21","1,585.91","1,587.95","1,564.83","30.63B","-0.75%"
"04/21/2021","1,580.01","1,576.19","1,584.57","1,575.56","28.07B","0.00%"
"04/20/2021","1,580.04","1,574.38","1,582.49","1,570.53","29.88B","0.33%"
"04/19/2021","1,574.91","1,555.01","1,574.97","1,552.91","28.84B","1.68%"
"04/16/2021","1,548.96","1,543.59","1,550.26","1,529.29","28.04B","0.51%"
"04/12/2021","1,541.12","1,561.53","1,562.07","1,539.24","29.45B","-1.61%"
"04/09/2021","1,566.34","1,562.20","1,572.13","1,561.76","30.65B","0.48%"
"04/08/2021","1,558.83","1,554.64","1,564.05","1,552.18","31.94B","0.15%"
"04/07/2021","1,556.56","1,566.11","1,570.69","1,555.57","37.13B","-1.46%"
"04/05/2021","1,579.66","1,599.33","1,601.24","1,575.56","31.34B","-1.04%"
"04/02/2021","1,596.27","1,603.24","1,606.41","1,595.31","28.37B","0.07%"
"04/01/2021","1,595.12","1,594.01","1,600.60","1,590.33","29.16B","0.50%"
"03/31/2021","1,587.21","1,592.26","1,593.93","1,585.58","25.76B","-0.15%"
"03/30/2021","1,589.53","1,589.68","1,593.52","1,585.06","32.59B","0.36%"
"03/29/2021","1,583.89","1,582.73","1,592.47","1,580.90","27.80B","0.57%"
"03/26/2021","1,574.86","1,577.47","1,580.74","1,566.89","31.34B","0.24%"
"03/25/2021","1,571.04","1,576.27","1,580.17","1,571.04","35.01B","0.01%"
"03/24/2021","1,570.83","1,557.50","1,570.84","1,555.72","33.46B","0.42%"
"03/23/2021","1,564.25","1,572.70","1,574.14","1,562.03","32.67B","-0.13%"
"03/22/2021","1,566.36","1,563.56","1,571.74","1,555.38","29.53B","0.15%"
"03/19/2021","1,563.96","1,562.30","1,566.67","1,554.96","29.10B","-0.31%"
"03/18/2021","1,568.82","1,579.72","1,583.30","1,567.67","28.03B","0.13%"
"03/17/2021","1,566.76","1,562.92","1,571.53","1,559.22","28.73B","0.17%"
"03/16/2021","1,564.03","1,569.01","1,573.13","1,562.35","30.54B","-0.11%"
"03/15/2021","1,565.73","1,573.11","1,575.96","1,562.69","27.95B","-0.16%"
"03/12/2021","1,568.19","1,579.71","1,584.40","1,562.90","28.41B","-0.44%"
"03/11/2021","1,575.13","1,582.69","1,584.61","1,569.87","29.65B","0.13%"
"03/10/2021","1,573.05","1,553.27","1,573.55","1,550.45","33.70B","1.45%"
"03/09/2021","1,550.59","1,553.00","1,554.96","1,537.23","29.28B","0.44%"
"03/08/2021","1,543.76","1,559.17","1,562.56","1,540.64","32.69B","-0.02%"
"03/05/2021","1,544.11","1,531.05","1,553.92","1,529.83","34.31B","0.65%"
"03/04/2021","1,534.11","1,535.76","1,540.66","1,527.88","32.48B","-0.60%"
"03/03/2021","1,543.40","1,510.27","1,543.48","1,510.07","30.14B","2.66%"
"03/02/2021","1,503.36","1,503.91","1,509.65","1,500.80","26.94B","0.16%"
"03/01/2021","1,500.92","1,493.55","1,505.61","1,487.99","25.42B","0.28%"
"02/25/2021","1,496.78","1,508.82","1,511.30","1,494.36","32.00B","0.38%"
"02/24/2021","1,491.11","1,503.56","1,507.78","1,485.94","30.52B","-0.63%"
"02/23/2021","1,500.61","1,487.53","1,506.94","1,486.18","27.15B","1.52%"
"02/22/2021","1,478.14","1,504.65","1,505.47","1,476.50","26.87B","-1.49%"
"02/19/2021","1,500.51","1,504.98","1,507.63","1,493.52","24.58B","-0.70%"
"02/18/2021","1,511.03","1,519.79","1,524.11","1,510.77","25.60B","-0.26%"
"02/17/2021","1,514.91","1,519.74","1,528.58","1,513.96","25.66B","-0.54%"
"02/16/2021","1,523.11","1,528.43","1,531.29","1,522.41","21.84B","0.03%"
"02/15/2021","1,522.72","1,515.91","1,529.98","1,513.33","22.87B","0.95%"
"02/11/2021","1,508.35","1,520.68","1,521.31","1,503.19","24.18B","-0.57%"
"02/10/2021","1,516.94","1,526.34","1,527.88","1,513.13","24.50B","-0.09%"
"02/09/2021","1,518.27","1,524.58","1,529.49","1,516.50","28.41B","0.12%"
"02/08/2021","1,516.43","1,508.45","1,517.31","1,507.09","28.60B","1.32%"
"02/05/2021","1,496.61","1,491.07","1,498.35","1,488.73","26.63B","0.92%"
"02/04/2021","1,482.98","1,486.50","1,492.39","1,477.88","28.31B","0.08%"
"02/03/2021","1,481.75","1,498.50","1,500.17","1,481.69","25.75B","-0.30%"
"02/02/2021","1,486.25","1,491.02","1,496.46","1,480.50","24.14B","0.55%"
"02/01/2021","1,478.05","1,465.76","1,481.66","1,456.45","27.67B","0.75%"
"01/29/2021","1,466.98","1,478.76","1,480.44","1,455.55","31.25B","-0.10%"
"01/28/2021","1,468.51","1,482.50","1,492.00","1,467.74","28.72B","-1.98%"
"01/27/2021","1,498.13","1,510.68","1,515.32","1,498.05","25.23B","-0.97%"
"01/26/2021","1,512.83","1,497.03","1,514.82","1,490.37","28.31B","0.75%"
"01/25/2021","1,501.62","1,498.36","1,505.47","1,491.63","28.57B","0.25%"
"01/22/2021","1,497.88","1,508.92","1,518.05","1,494.45","29.07B","-1.03%"
"01/21/2021","1,513.51","1,525.63","1,529.27","1,510.80","28.67B","-0.15%"
"01/20/2021","1,515.72","1,524.91","1,529.50","1,511.41","27.07B","-0.45%"
"01/19/2021","1,522.59","1,519.37","1,529.17","1,518.66","25.10B","0.83%"
"01/18/2021","1,510.13","1,511.04","1,515.51","1,503.04","23.39B","-0.59%"
"01/15/2021","1,519.13","1,537.03","1,544.11","1,513.48","29.71B","-1.10%"
"01/14/2021","1,535.98","1,545.35","1,552.78","1,533.52","27.06B","-0.73%"
"01/13/2021","1,547.31","1,548.30","1,561.66","1,542.42","28.54B","0.48%"
"01/12/2021","1,539.85","1,536.75","1,542.65","1,528.50","24.36B","0.22%"
"01/11/2021","1,536.49","1,539.79","1,550.75","1,527.75","26.46B","0.00%"
"01/08/2021","1,536.44","1,528.12","1,538.61","1,521.17","30.49B","1.50%"
"01/07/2021","1,513.78","1,510.64","1,519.91","1,502.81","32.61B","1.44%"
"01/06/2021","1,492.36","1,506.56","1,514.89","1,485.79","35.56B","-0.95%"
"01/05/2021","1,506.65","1,467.89","1,506.66","1,466.05","31.46B","2.62%"
"01/04/2021","1,468.24","1,428.80","1,468.27","1,425.48","26.48B","1.30%"
"12/30/2020","1,449.35","1,467.74","1,479.04","1,445.36","22.62B","-0.86%"
"12/29/2020","1,461.95","1,452.39","1,468.60","1,440.59","22.53B","0.64%"
"12/28/2020","1,452.67","1,505.15","1,512.99","1,452.48","24.91B","-2.26%"
"12/25/2020","1,486.31","1,463.32","1,486.84","1,462.77","21.09B","2.40%"
"12/24/2020","1,451.52","1,420.60","1,453.87","1,409.75","25.46B","2.51%"
"12/23/2020","1,416.02","1,422.59","1,440.52","1,414.21","26.23B","-0.59%"
"12/22/2020","1,424.39","1,405.42","1,428.11","1,388.23","27.94B","1.61%"
"12/21/2020","1,401.78","1,429.50","1,453.88","1,401.58","34.40B","-5.44%"
"12/18/2020","1,482.38","1,485.27","1,489.78","1,475.01","23.06B","-0.10%"
"12/17/2020","1,483.89","1,487.70","1,495.37","1,483.32","36.45B","0.12%"
"12/16/2020","1,482.09","1,487.28","1,488.86","1,475.09","29.34B","0.33%"
"12/15/2020","1,477.21","1,468.22","1,478.61","1,459.97","26.80B","0.07%"
"12/14/2020","1,476.13","1,491.87","1,495.18","1,471.56","26.56B","-0.44%"
"12/09/2020","1,482.67","1,490.77","1,503.89","1,474.83","31.19B","0.25%"
"12/08/2020","1,478.92","1,448.08","1,484.73","1,442.65","34.08B","2.01%"
"12/04/2020","1,449.83","1,439.82","1,454.94","1,439.14","26.86B","0.80%"
"12/03/2020","1,438.32","1,424.16","1,439.22","1,420.69","24.84B","1.44%"
"12/02/2020","1,417.95","1,416.58","1,430.49","1,415.10","24.66B","-0.21%"
"12/01/2020","1,420.87","1,418.06","1,430.03","1,416.39","24.39B","0.89%"
"11/30/2020","1,408.31","1,429.99","1,435.04","1,408.02","28.79B","-2.05%"
"11/27/2020","1,437.78","1,431.26","1,444.53","1,429.43","22.46B","0.29%"
"11/26/2020","1,433.56","1,420.96","1,433.57","1,416.79","22.60B","1.26%"
"11/25/2020","1,415.72","1,416.84","1,428.36","1,392.42","27.66B","1.01%"
"11/24/2020","1,401.63","1,429.44","1,432.56","1,401.29","27.32B","-1.32%"
"11/23/2020","1,420.43","1,397.53","1,422.43","1,395.58","29.18B","2.24%"
"11/20/2020","1,389.34","1,369.96","1,390.37","1,368.20","23.72B","1.45%"
"11/19/2020","1,369.42","1,363.58","1,375.02","1,362.41","24.22B","0.35%"
"11/18/2020","1,364.59","1,345.76","1,364.64","1,341.46","21.23B","1.09%"
"11/17/2020","1,349.81","1,356.41","1,365.91","1,344.55","22.78B","-0.09%"
"11/16/2020","1,351.06","1,360.94","1,365.87","1,351.04","22.38B","0.34%"
"11/13/2020","1,346.47","1,330.49","1,352.51","1,327.73","25.57B","0.76%"
"11/12/2020","1,336.31","1,340.43","1,341.57","1,327.17","24.01B","-0.67%"
"11/11/2020","1,345.34","1,353.65","1,356.83","1,331.39","25.15B","0.31%"
"11/10/2020","1,341.24","1,330.14","1,346.72","1,313.04","33.25B","4.31%"
"11/09/2020","1,285.88","1,281.41","1,293.90","1,277.52","26.81B","2.05%"
"11/06/2020","1,260.08","1,265.84","1,270.22","1,251.08","29.08B","-0.34%"
"11/05/2020","1,264.32","1,234.61","1,266.58","1,232.72","32.30B","3.43%"
"11/04/2020","1,222.44","1,223.67","1,231.05","1,214.49","25.63B","0.09%"
"11/03/2020","1,221.33","1,210.06","1,222.78","1,209.90","19.87B","1.59%"
"11/02/2020","1,202.16","1,196.64","1,202.55","1,191.44","18.62B","0.60%"
"10/30/2020","1,194.95","1,204.05","1,204.99","1,187.49","19.52B","-0.56%"
"10/29/2020","1,201.64","1,200.43","1,206.84","1,195.99","20.33B","-0.52%"
"10/28/2020","1,207.94","1,207.42","1,217.88","1,205.88","22.68B","-0.08%"
"10/27/2020","1,208.95","1,201.45","1,212.03","1,197.74","18.47B","0.08%"
"10/26/2020","1,207.97","1,212.49","1,215.79","1,205.81","17.89B","-0.46%"
"10/22/2020","1,213.61","1,214.63","1,223.48","1,204.73","24.05B","-0.24%"
"10/21/2020","1,216.48","1,217.10","1,222.62","1,211.85","19.44B","0.48%"
"10/20/2020","1,210.67","1,205.33","1,219.16","1,202.03","21.64B","0.16%"
"10/19/2020","1,208.75","1,221.88","1,223.15","1,205.61","22.46B","-2.02%"
"10/16/2020","1,233.68","1,245.40","1,247.89","1,226.95","18.80B","-0.75%"
"10/15/2020","1,242.96","1,255.05","1,258.09","1,240.75","20.56B","-1.66%"
"10/14/2020","1,263.99","1,269.49","1,271.10","1,257.84","20.33B","-0.74%"
"10/12/2020","1,273.43","1,269.50","1,277.64","1,265.27","20.18B","0.50%"
"10/09/2020","1,267.14","1,279.79","1,280.81","1,264.24","19.63B","-0.60%"
"10/08/2020","1,274.83","1,269.85","1,282.65","1,269.50","21.62B","0.88%"
"10/07/2020","1,263.71","1,248.25","1,264.29","1,245.09","19.92B","1.08%"
"10/06/2020","1,250.15","1,251.89","1,257.46","1,249.14","19.88B","0.58%"
"10/05/2020","1,242.99","1,245.79","1,248.67","1,239.06","14.44B","0.44%"
"10/02/2020","1,237.54","1,245.11","1,246.78","1,231.11","18.63B","-0.81%"
"10/01/2020","1,247.59","1,244.23","1,251.11","1,232.81","16.87B","0.85%"
"09/30/2020","1,237.04","1,259.08","1,260.06","1,236.53","16.98B","-1.61%"
"09/29/2020","1,257.34","1,266.77","1,267.67","1,254.34","14.52B","-0.45%"
"09/28/2020","1,263.02","1,251.23","1,264.50","1,251.12","14.51B","1.45%"
"09/25/2020","1,244.94","1,251.67","1,256.40","1,241.66","16.69B","-0.20%"
"09/24/2020","1,247.46","1,255.79","1,260.31","1,241.52","18.28B","-1.31%"
"09/23/2020","1,264.01","1,271.19","1,272.59","1,260.64","17.52B","-0.29%"
"09/22/2020","1,267.63","1,271.36","1,275.27","1,262.41","16.37B","-0.59%"
"09/21/2020","1,275.16","1,293.77","1,295.35","1,273.44","16.40B","-1.03%"
"09/18/2020","1,288.39","1,287.74","1,293.29","1,280.43","15.68B","0.31%"
"09/17/2020","1,284.40","1,289.60","1,292.42","1,280.11","17.28B","-0.70%"
"09/16/2020","1,293.48","1,287.01","1,295.80","1,284.09","16.83B","0.57%"
"09/15/2020","1,286.18","1,276.93","1,287.04","1,274.62","16.56B","1.09%"
"09/14/2020","1,272.34","1,285.16","1,287.35","1,270.59","16.36B","-0.60%"
"09/11/2020","1,279.96","1,290.16","1,296.13","1,279.33","18.90B","-0.85%"
"09/10/2020","1,290.89","1,295.01","1,298.33","1,286.15","16.69B","-0.19%"
"09/09/2020","1,293.40","1,279.24","1,295.55","1,276.38","17.75B","-0.03%"
"09/08/2020","1,293.80","1,305.64","1,305.85","1,293.33","16.38B","-1.38%"
"09/03/2020","1,311.95","1,320.63","1,322.66","1,308.84","18.07B","-0.30%"
"09/02/2020","1,315.88","1,304.70","1,316.08","1,301.78","16.22B","0.79%"
"09/01/2020","1,305.57","1,312.75","1,316.68","1,301.14","18.98B","-0.39%"
"08/31/2020","1,310.66","1,328.70","1,333.30","1,308.73","16.69B","-0.96%"
"08/28/2020","1,323.31","1,335.30","1,337.61","1,319.45","20.00B","-0.26%"
"08/27/2020","1,326.81","1,322.48","1,331.64","1,320.91","19.71B","0.32%"
"08/26/2020","1,322.55","1,317.74","1,323.97","1,311.14","19.67B","0.50%"
"08/25/2020","1,315.99","1,324.81","1,327.42","1,315.13","19.66B","-0.09%"
"08/24/2020","1,317.11","1,305.22","1,318.20","1,299.05","18.06B","1.37%"
"08/21/2020","1,299.26","1,305.82","1,307.64","1,296.68","17.44B","0.19%"
"08/20/2020","1,296.79","1,296.37","1,303.72","1,292.59","21.12B","-0.91%"
"08/19/2020","1,308.67","1,331.54","1,332.79","1,301.97","21.62B","-1.61%"
"08/18/2020","1,330.11","1,321.38","1,330.40","1,321.07","17.10B","0.70%"
"08/17/2020","1,320.91","1,329.82","1,331.80","1,315.89","18.76B","-0.46%"
"08/14/2020","1,327.05","1,345.56","1,347.63","1,324.97","20.20B","-1.46%"
"08/13/2020","1,346.69","1,349.08","1,353.53","1,343.09","24.24B","0.74%"
"08/11/2020","1,336.84","1,334.10","1,343.16","1,332.24","22.70B","1.12%"
"08/10/2020","1,322.01","1,327.16","1,330.17","1,321.90","15.86B","-0.18%"
"08/07/2020","1,324.40","1,331.92","1,333.21","1,321.16","17.32B","-0.66%"
"08/06/2020","1,333.22","1,336.13","1,346.49","1,333.18","20.14B","-0.31%"
"08/05/2020","1,337.35","1,335.52","1,341.23","1,326.07","21.28B","0.49%"
"08/04/2020","1,330.81","1,330.60","1,338.08","1,328.13","18.67B","0.73%"
"08/03/2020","1,321.23","1,324.46","1,325.31","1,311.25","19.45B","-0.55%"
"07/31/2020","1,328.53","1,314.99","1,328.64","1,303.25","21.00B","0.97%"
"07/30/2020","1,315.74","1,345.09","1,347.45","1,313.10","19.97B","-1.69%"
"07/29/2020","1,338.35","1,346.60","1,349.91","1,337.03","15.93B","-0.19%"
"07/24/2020","1,340.92","1,348.81","1,350.93","1,337.21","15.23B","-1.38%"
"07/23/2020","1,359.65","1,356.97","1,363.90","1,348.92","17.58B","0.19%"
"07/22/2020","1,357.04","1,380.97","1,382.29","1,356.86","18.19B","-1.45%"
"07/21/2020","1,377.00","1,366.83","1,379.15","1,366.59","16.08B","1.38%"
"07/20/2020","1,358.29","1,358.62","1,365.71","1,352.03","15.47B","-0.09%"
"07/17/2020","1,359.58","1,353.27","1,361.39","1,350.10","13.33B","0.87%"
"07/16/2020","1,347.86","1,354.23","1,357.26","1,343.02","13.32B","-0.48%"
"07/15/2020","1,354.31","1,351.50","1,356.93","1,344.76","16.12B","0.99%"
"07/14/2020","1,341.07","1,332.87","1,342.30","1,326.65","18.13B","-0.10%"
"07/13/2020","1,342.37","1,361.75","1,363.82","1,339.69","17.44B","-0.60%"
"07/10/2020","1,350.50","1,357.99","1,363.28","1,346.72","16.29B","-1.12%"
"07/09/2020","1,365.81","1,367.24","1,370.80","1,358.03","16.92B","0.25%"
"07/08/2020","1,362.46","1,371.91","1,379.71","1,361.24","18.11B","-0.78%"
"07/07/2020","1,373.22","1,389.18","1,391.77","1,373.20","18.92B","0.07%"
"07/03/2020","1,372.27","1,377.67","1,380.08","1,370.37","19.72B","-0.14%"
"07/02/2020","1,374.13","1,357.21","1,376.31","1,353.50","17.17B","1.83%"
"07/01/2020","1,349.44","1,345.62","1,350.16","1,331.60","15.43B","0.78%"
"06/30/2020","1,339.03","1,344.54","1,351.59","1,339.03","13.75B","0.70%"
"06/29/2020","1,329.76","1,320.73","1,329.94","1,312.59","14.70B","-0.04%"
"06/26/2020","1,330.34","1,335.55","1,344.04","1,328.49","12.82B","0.34%"
"06/25/2020","1,325.88","1,317.72","1,325.88","1,306.67","18.14B","-0.57%"
"06/24/2020","1,333.43","1,362.42","1,365.46","1,333.32","16.34B","-1.70%"
"06/23/2020","1,356.43","1,359.55","1,361.84","1,351.92","14.40B","0.31%"
"06/22/2020","1,352.18","1,359.30","1,367.98","1,347.60","17.82B","-1.36%"
"06/19/2020","1,370.82","1,376.89","1,380.02","1,368.03","15.24B","-0.16%"
"06/18/2020","1,372.98","1,359.68","1,377.39","1,358.11","19.99B","-0.23%"
"06/17/2020","1,376.18","1,362.78","1,381.00","1,358.27","20.64B","0.66%"
"06/16/2020","1,367.13","1,374.59","1,376.99","1,362.38","20.48B","1.87%"
"06/15/2020","1,341.99","1,373.50","1,379.78","1,338.25","22.85B","-2.93%"
"06/12/2020","1,382.56","1,359.00","1,386.22","1,353.51","24.19B","-1.02%"
"06/11/2020","1,396.77","1,413.20","1,421.51","1,384.68","25.31B","-1.55%"
"06/10/2020","1,418.77","1,417.04","1,423.36","1,402.46","18.98B","0.74%"
"06/09/2020","1,408.37","1,438.64","1,448.13","1,400.87","26.70B","-2.11%"
"06/08/2020","1,438.66","1,449.76","1,454.95","1,429.68","23.48B","0.21%"
"06/05/2020","1,435.70","1,416.72","1,438.09","1,402.77","25.99B","1.75%"
"06/04/2020","1,411.01","1,396.25","1,413.54","1,393.21","26.26B","2.68%"
"06/02/2020","1,374.18","1,361.64","1,374.29","1,357.23","17.13B","1.61%"
"06/01/2020","1,352.37","1,355.39","1,362.46","1,348.99","17.54B","0.71%"
"05/29/2020","1,342.85","1,333.70","1,342.88","1,323.12","19.12B","0.40%"
"05/28/2020","1,337.51","1,356.02","1,358.60","1,337.50","19.75B","-0.57%"
"05/27/2020","1,345.11","1,339.18","1,345.53","1,328.07","17.86B","0.68%"
"05/26/2020","1,336.09","1,335.87","1,345.31","1,332.30","19.30B","1.14%"
"05/25/2020","1,320.98","1,308.16","1,323.43","1,302.12","15.81B","1.30%"
"05/22/2020","1,303.97","1,309.92","1,311.54","1,286.76","16.73B","-1.27%"
"05/21/2020","1,320.69","1,330.84","1,333.25","1,315.03","15.57B","-0.11%"
"05/20/2020","1,322.20","1,311.36","1,322.22","1,306.96","15.16B","0.94%"
"05/19/2020","1,309.95","1,308.96","1,318.01","1,304.49","16.96B","1.82%"
"05/18/2020","1,286.53","1,290.11","1,295.94","1,283.60","13.38B","0.45%"
"05/15/2020","1,280.76","1,287.06","1,289.24","1,278.86","12.89B","0.03%"
"05/14/2020","1,280.40","1,286.63","1,290.24","1,275.85","12.51B","-1.09%"
"05/13/2020","1,294.55","1,297.03","1,303.28","1,290.47","14.32B","-0.40%"
"05/12/2020","1,299.69","1,286.31","1,301.88","1,283.87","12.12B","0.96%"
"05/11/2020","1,287.30","1,277.41","1,293.35","1,276.60","12.18B","1.68%"
"05/08/2020","1,266.02","1,265.23","1,270.54","1,256.74","10.07B","0.64%"
"05/07/2020","1,257.98","1,274.50","1,277.36","1,252.20","12.31B","-1.62%"
"05/05/2020","1,278.63","1,287.70","1,289.09","1,278.50","11.94B","-1.77%"
"04/30/2020","1,301.66","1,297.93","1,301.66","1,292.97","14.70B","1.48%"
"04/29/2020","1,282.68","1,282.57","1,286.45","1,275.68","13.13B","0.60%"
"04/28/2020","1,274.99","1,267.46","1,283.01","1,260.96","14.35B","0.60%"
"04/27/2020","1,267.41","1,271.22","1,272.75","1,258.45","12.53B","0.69%"
"04/24/2020","1,258.78","1,274.21","1,280.02","1,255.73","15.33B","-1.08%"
"04/23/2020","1,272.53","1,266.61","1,276.18","1,260.80","14.62B","0.85%"
"04/22/2020","1,261.81","1,245.90","1,262.43","1,231.58","14.86B","0.71%"
"04/21/2020","1,252.92","1,247.52","1,260.96","1,243.58","15.00B","-1.06%"
"04/20/2020","1,266.40","1,241.94","1,273.25","1,237.22","16.02B","2.19%"
"04/17/2020","1,239.24","1,230.34","1,239.52","1,218.57","12.40B","3.26%"
"04/16/2020","1,200.15","1,226.16","1,231.05","1,200.14","12.27B","-2.91%"
"04/15/2020","1,236.10","1,253.92","1,261.66","1,233.66","14.43B","-1.61%"
"04/14/2020","1,256.35","1,252.50","1,267.55","1,241.10","14.91B","1.58%"
"04/13/2020","1,236.78","1,229.21","1,237.23","1,220.00","10.00B","0.71%"
"04/10/2020","1,228.03","1,207.47","1,228.07","1,205.15","10.83B","1.45%"
"04/09/2020","1,210.48","1,220.78","1,243.50","1,202.25","15.53B","0.39%"
"04/08/2020","1,205.77","1,202.00","1,213.55","1,192.98","15.12B","-0.76%"
"04/07/2020","1,214.95","1,184.87","1,220.67","1,173.14","15.30B","6.68%"
"04/03/2020","1,138.84","1,150.86","1,156.59","1,130.54","12.22B","0.05%"
"04/02/2020","1,138.27","1,113.91","1,142.47","1,105.31","13.90B","2.96%"
"04/01/2020","1,105.51","1,117.51","1,132.10","1,105.34","19.76B","-1.81%"
"03/31/2020","1,125.86","1,108.79","1,127.92","1,104.12","10.19B","3.50%"
"03/30/2020","1,087.82","1,087.35","1,094.12","1,073.37","7.53B","-1.09%"
"03/27/2020","1,099.76","1,112.83","1,124.28","1,089.14","9.92B","0.71%"
"03/26/2020","1,091.96","1,074.64","1,103.59","1,072.94","9.24B","1.10%"
"03/25/2020","1,080.03","1,063.23","1,099.94","1,050.72","10.39B","4.47%"
"03/24/2020","1,033.84","1,064.33","1,067.51","1,024.38","9.37B","0.92%"
"03/23/2020","1,024.46","1,045.65","1,065.67","1,022.83","8.90B","-9.12%"
"03/20/2020","1,127.24","1,077.65","1,133.56","1,070.05","12.29B","7.95%"
"03/19/2020","1,044.19","1,019.07","1,048.80","1,010.60","7.74B","-0.38%"
"03/18/2020","1,048.15","1,053.04","1,076.16","1,026.89","7.56B","1.25%"
"03/17/2020","1,035.17","1,045.09","1,068.85","1,035.16","8.76B","-1.04%"
"03/16/2020","1,046.08","1,072.30","1,105.20","1,043.79","9.80B","-7.34%"
"03/13/2020","1,128.91","1,008.06","1,164.16","969.08","17.37B","1.26%"
"03/12/2020","1,114.91","1,184.16","1,187.39","1,095.37","17.07B","-10.80%"
"03/11/2020","1,249.89","1,268.56","1,281.63","1,238.00","16.73B","-1.68%"
"03/10/2020","1,271.25","1,262.80","1,285.65","1,258.70","15.39B","1.22%"
"03/09/2020","1,255.94","1,272.95","1,299.77","1,249.31","20.00B","-7.96%"
"03/06/2020","1,364.57","1,373.19","1,374.20","1,359.75","17.49B","-1.89%"
"03/05/2020","1,390.83","1,391.35","1,408.35","1,390.83","19.92B","0.89%"
"03/04/2020","1,378.61","1,361.44","1,380.82","1,358.24","18.62B","0.26%"
"03/03/2020","1,375.02","1,357.72","1,380.39","1,352.22","18.41B","2.94%"
"03/02/2020","1,335.72","1,355.99","1,358.52","1,317.45","21.01B","-0.36%"
"02/28/2020","1,340.52","1,348.46","1,357.15","1,337.00","19.18B","-3.91%"
"02/27/2020","1,395.08","1,369.83","1,397.69","1,355.63","21.21B","2.10%"
"02/26/2020","1,366.41","1,425.56","1,428.35","1,366.41","25.42B","-5.05%"
"02/25/2020","1,439.10","1,436.24","1,446.63","1,416.40","23.47B","0.25%"
"02/24/2020","1,435.56","1,473.57","1,474.12","1,435.56","19.30B","-3.98%"
"02/21/2020","1,495.09","1,480.53","1,495.17","1,476.89","16.70B","0.26%"
"02/20/2020","1,491.24","1,504.48","1,504.95","1,484.51","17.80B","-0.95%"
"02/19/2020","1,505.54","1,517.78","1,523.61","1,501.74","17.88B","-0.54%"
"02/18/2020","1,513.68","1,521.00","1,522.33","1,510.52","14.87B","-0.89%"
"02/17/2020","1,527.25","1,528.48","1,532.87","1,523.74","16.81B","0.06%"
"02/14/2020","1,526.30","1,537.16","1,540.46","1,524.15","18.10B","-0.42%"
"02/13/2020","1,532.77","1,539.31","1,542.19","1,530.44","16.44B","-0.46%"
"02/12/2020","1,539.84","1,530.59","1,542.76","1,529.15","16.55B","1.04%"
"02/11/2020","1,523.93","1,538.31","1,539.43","1,522.97","16.47B","-0.74%"
"02/07/2020","1,535.24","1,536.28","1,539.36","1,527.34","18.66B","-0.04%"
"02/06/2020","1,535.79","1,538.29","1,541.81","1,530.51","21.03B","0.11%"
"02/05/2020","1,534.14","1,521.67","1,534.93","1,516.55","21.54B","0.97%"
"02/04/2020","1,519.38","1,501.34","1,520.10","1,499.21","17.78B","1.56%"
"02/03/2020","1,496.06","1,507.28","1,513.43","1,495.94","16.15B","-1.19%"
"01/31/2020","1,514.14","1,528.86","1,532.09","1,514.14","15.29B","-0.65%"
"01/30/2020","1,523.99","1,516.36","1,525.17","1,515.68","16.43B","-0.04%"
"01/29/2020","1,524.59","1,522.88","1,528.14","1,511.15","19.49B","0.75%"
"01/28/2020","1,513.26","1,519.55","1,535.23","1,507.36","19.84B","-0.71%"
"01/27/2020","1,524.15","1,546.90","1,548.11","1,519.03","20.08B","-2.89%"
"01/24/2020","1,569.55","1,575.07","1,576.68","1,567.07","15.38B","-0.26%"
"01/23/2020","1,573.70","1,570.66","1,577.92","1,567.10","16.85B","-0.06%"
"01/22/2020","1,574.59","1,579.25","1,580.34","1,566.86","19.60B","-0.02%"
"01/21/2020","1,574.94","1,584.17","1,587.85","1,573.26","20.57B","-0.89%"
"01/20/2020","1,589.11","1,597.50","1,598.70","1,586.73","18.03B","-0.71%"
"01/17/2020","1,600.48","1,600.28","1,604.28","1,595.96","18.76B","0.29%"
"01/16/2020","1,595.87","1,582.77","1,598.38","1,581.75","18.70B","0.94%"
"01/15/2020","1,581.05","1,582.96","1,587.77","1,575.98","19.54B","-0.37%"
"01/14/2020","1,586.90","1,589.68","1,592.84","1,579.83","19.13B","0.05%"
"01/13/2020","1,586.16","1,586.13","1,588.79","1,579.34","18.88B","0.35%"
"01/10/2020","1,580.63","1,583.48","1,584.16","1,573.80","16.98B","0.06%"
"01/09/2020","1,579.64","1,572.74","1,581.50","1,568.16","17.45B","1.31%"
"01/08/2020","1,559.27","1,569.82","1,572.03","1,555.75","19.79B","-1.64%"
"01/07/2020","1,585.23","1,578.52","1,585.44","1,570.04","20.38B","1.07%"
"01/06/2020","1,568.50","1,584.13","1,585.56","1,565.93","22.62B","-1.66%"
"01/03/2020","1,594.97","1,596.95","1,604.43","1,592.90","18.76B","-0.05%"
"01/02/2020","1,595.82","1,584.35","1,597.92","1,583.18","17.74B","1.01%"
"12/30/2019","1,579.84","1,581.05","1,583.86","1,575.92","8.44B","0.10%"
"12/27/2019","1,578.22","1,583.46","1,588.02","1,568.05","12.81B","-0.05%"
"12/26/2019","1,579.03","1,573.81","1,579.33","1,573.44","11.06B","0.38%"
"12/25/2019","1,573.00","1,566.59","1,574.41","1,564.85","10.00B","0.28%"
"12/24/2019","1,568.63","1,575.03","1,576.56","1,567.27","14.10B","-0.31%"
"12/23/2019","1,573.57","1,574.85","1,581.40","1,571.30","14.89B","0.04%"
"12/20/2019","1,572.92","1,572.61","1,576.43","1,566.77","17.13B","-0.04%"
"12/19/2019","1,573.51","1,558.80","1,576.50","1,552.88","21.68B","0.62%"
"12/18/2019","1,563.74","1,555.55","1,566.27","1,554.99","17.17B","0.97%"
"12/17/2019","1,548.65","1,551.71","1,556.82","1,543.22","20.39B","-0.07%"
"12/16/2019","1,549.74","1,572.64","1,573.41","1,549.69","18.16B","-1.54%"
"12/13/2019","1,573.91","1,577.38","1,582.16","1,570.07","18.73B","0.64%"
"12/12/2019","1,563.85","1,558.60","1,568.62","1,557.10","18.93B","0.78%"
"12/11/2019","1,551.82","1,555.38","1,559.19","1,546.51","17.67B","-0.07%"
"12/09/2019","1,552.96","1,559.84","1,559.93","1,548.01","17.70B","-0.39%"
"12/06/2019","1,558.99","1,571.10","1,575.79","1,558.50","16.45B","-0.41%"
"12/04/2019","1,565.45","1,562.22","1,570.39","1,556.51","21.73B","-0.14%"
"12/03/2019","1,567.63","1,562.63","1,574.12","1,561.46","18.19B","-0.12%"
"12/02/2019","1,569.53","1,588.59","1,589.34","1,566.68","22.70B","-1.32%"
"11/29/2019","1,590.59","1,594.04","1,594.54","1,580.08","19.94B","-0.44%"
"11/28/2019","1,597.68","1,607.97","1,608.67","1,595.11","18.69B","-0.60%"
"11/27/2019","1,607.27","1,611.85","1,613.81","1,604.34","17.96B","-0.13%"
"11/26/2019","1,609.38","1,618.15","1,620.60","1,608.64","20.30B","-0.34%"
"11/25/2019","1,614.80","1,603.13","1,614.80","1,601.76","16.84B","1.07%"
"11/22/2019","1,597.72","1,595.38","1,599.49","1,591.18","15.65B","0.37%"
"11/21/2019","1,591.86","1,594.95","1,595.77","1,583.77","17.09B","-0.31%"
"11/20/2019","1,596.83","1,599.42","1,603.57","1,595.01","16.07B","-0.65%"
"11/19/2019","1,607.25","1,605.47","1,609.30","1,600.05","17.74B","-0.05%"
"11/18/2019","1,608.00","1,605.19","1,609.99","1,596.80","17.55B","0.36%"
"11/15/2019","1,602.23","1,613.30","1,615.48","1,595.32","19.77B","-0.45%"
"11/14/2019","1,609.47","1,616.61","1,619.86","1,605.32","20.25B","-0.35%"
"11/13/2019","1,615.14","1,621.91","1,627.45","1,610.93","20.31B","-0.68%"
"11/12/2019","1,626.20","1,625.42","1,632.82","1,622.18","18.62B","0.25%"
"11/11/2019","1,622.12","1,632.77","1,634.09","1,619.02","19.04B","-0.96%"
"11/08/2019","1,637.85","1,641.55","1,642.50","1,634.50","18.84B","-0.18%"
"11/07/2019","1,640.88","1,623.64","1,641.38","1,620.12","23.08B","1.04%"
"11/06/2019","1,623.99","1,627.23","1,631.34","1,621.34","23.57B","-0.18%"
"11/05/2019","1,626.87","1,628.73","1,629.77","1,617.72","19.67B","0.28%"
"11/04/2019","1,622.25","1,601.90","1,624.83","1,600.95","25.62B","1.87%"
"11/01/2019","1,592.52","1,600.73","1,603.53","1,589.72","19.55B","-0.56%"
"10/31/2019","1,601.49","1,606.71","1,610.03","1,600.23","22.22B","-0.02%"
"10/30/2019","1,601.83","1,594.40","1,601.83","1,589.48","22.29B","0.67%"
"10/29/2019","1,591.21","1,601.44","1,605.45","1,588.82","19.49B","-0.33%"
"10/28/2019","1,596.48","1,591.64","1,599.10","1,579.13","20.18B","0.20%"
"10/25/2019","1,593.28","1,620.61","1,622.66","1,592.66","24.50B","-1.71%"
"10/24/2019","1,620.97","1,636.07","1,637.49","1,617.59","19.89B","-0.64%"
"10/22/2019","1,631.46","1,625.06","1,631.94","1,624.44","14.28B","0.66%"
"10/21/2019","1,620.78","1,630.43","1,631.63","1,619.49","16.95B","-0.65%"
"10/18/2019","1,631.43","1,634.40","1,637.36","1,623.38","27.91B","-0.08%"
"10/17/2019","1,632.80","1,638.98","1,640.15","1,630.47","18.96B","-0.10%"
"10/16/2019","1,634.46","1,629.88","1,636.51","1,628.87","18.96B","0.46%"
"10/15/2019","1,627.01","1,631.05","1,633.89","1,621.73","19.27B","0.06%"
"10/11/2019","1,626.00","1,613.47","1,627.26","1,613.08","20.08B","1.15%"
"10/10/2019","1,607.50","1,614.07","1,615.25","1,606.71","18.14B","-0.54%"
"10/09/2019","1,616.18","1,610.65","1,617.38","1,603.97","16.65B","0.25%"
"10/08/2019","1,612.17","1,620.29","1,623.56","1,609.27","16.21B","-0.10%"
"10/07/2019","1,613.71","1,611.74","1,616.06","1,607.32","15.56B","0.48%"
"10/04/2019","1,605.96","1,613.70","1,615.33","1,603.61","13.19B","-0.29%"
"10/03/2019","1,610.69","1,606.38","1,614.84","1,605.13","13.84B","-0.18%"
"10/02/2019","1,613.64","1,617.83","1,619.34","1,608.89","14.55B","-0.64%"
"10/01/2019","1,624.09","1,637.59","1,639.14","1,623.03","14.79B","-0.80%"
"09/30/2019","1,637.22","1,643.13","1,645.06","1,634.10","15.02B","-0.40%"
"09/27/2019","1,643.76","1,636.42","1,648.67","1,630.39","14.77B","0.43%"
"09/26/2019","1,636.75","1,633.92","1,638.25","1,630.81","16.25B","0.51%"
"09/25/2019","1,628.38","1,624.69","1,630.56","1,621.63","16.29B","-0.13%"
"09/24/2019","1,630.50","1,623.60","1,634.04","1,622.75","17.03B","0.48%"
"09/23/2019","1,622.79","1,635.31","1,636.16","1,620.77","14.27B","-0.82%"
"09/20/2019","1,636.20","1,641.23","1,644.29","1,627.90","18.65B","-0.27%"
"09/19/2019","1,640.66","1,656.66","1,660.81","1,638.47","18.77B","-0.81%"
"09/18/2019","1,654.14","1,663.62","1,664.81","1,650.64","19.72B","-0.59%"
"09/17/2019","1,663.93","1,661.59","1,670.62","1,659.14","20.37B","0.06%"
"09/16/2019","1,662.93","1,666.77","1,668.77","1,658.65","17.59B","0.06%"
"09/13/2019","1,661.96","1,664.37","1,667.49","1,655.95","20.92B","0.08%"
"09/12/2019","1,660.68","1,678.32","1,679.03","1,659.42","21.12B","-0.80%"
"09/11/2019","1,674.03","1,669.36","1,674.73","1,661.66","19.84B","0.49%"
"09/10/2019","1,665.93","1,675.10","1,677.47","1,662.28","19.43B","-0.32%"
"09/09/2019","1,671.22","1,673.22","1,676.62","1,666.61","16.60B","0.07%"
"09/06/2019","1,670.06","1,677.41","1,679.65","1,667.61","15.51B","0.02%"
"09/05/2019","1,669.79","1,670.91","1,673.84","1,663.34","17.97B","0.67%"
"09/04/2019","1,658.64","1,650.87","1,664.56","1,647.29","19.58B","1.00%"
"09/03/2019","1,642.25","1,657.30","1,660.26","1,642.23","19.86B","-0.72%"
"09/02/2019","1,654.11","1,651.20","1,658.66","1,646.59","19.03B","-0.05%"
"08/30/2019","1,654.92","1,647.06","1,654.93","1,643.04","20.14B","0.96%"
"08/29/2019","1,639.14","1,621.92","1,639.17","1,621.06","20.44B","1.37%"
"08/28/2019","1,616.93","1,618.30","1,624.27","1,615.19","15.47B","0.09%"
"08/27/2019","1,615.47","1,625.04","1,630.55","1,612.10","20.27B","-0.45%"
"08/26/2019","1,622.73","1,620.36","1,624.77","1,609.40","24.36B","-1.45%"
"08/23/2019","1,646.68","1,637.70","1,646.74","1,636.20","18.47B","0.80%"
"08/22/2019","1,633.56","1,628.10","1,638.03","1,627.30","21.09B","-0.29%"
"08/21/2019","1,638.24","1,628.55","1,642.07","1,623.24","22.61B","0.78%"
"08/20/2019","1,625.57","1,642.82","1,643.41","1,621.85","20.45B","-0.71%"
"08/19/2019","1,637.26","1,639.42","1,643.65","1,633.79","18.90B","0.36%"
"08/16/2019","1,631.40","1,608.98","1,632.42","1,607.22","23.70B","1.71%"
"08/15/2019","1,604.03","1,605.00","1,614.08","1,590.55","23.10B","-0.95%"
"08/14/2019","1,619.45","1,634.72","1,640.92","1,612.09","20.32B","-0.05%"
"08/13/2019","1,620.23","1,642.82","1,644.15","1,619.03","18.53B","-1.84%"
"08/09/2019","1,650.64","1,672.22","1,675.44","1,649.52","18.17B","-0.87%"
"08/08/2019","1,665.12","1,670.93","1,673.84","1,660.36","18.65B","-0.26%"
"08/07/2019","1,669.44","1,672.52","1,681.81","1,665.14","22.79B","-0.12%"
"08/06/2019","1,671.48","1,652.72","1,673.38","1,647.49","22.90B","0.33%"
"08/05/2019","1,665.99","1,675.02","1,681.36","1,664.73","18.23B","-1.11%"
"08/02/2019","1,684.71","1,680.52","1,687.15","1,671.97","22.86B","-0.88%"
"08/01/2019","1,699.75","1,706.56","1,709.05","1,694.93","18.15B","-0.71%"
"07/31/2019","1,711.97","1,704.04","1,716.05","1,702.72","17.29B","0.32%"
"07/30/2019","1,706.49","1,718.55","1,722.20","1,704.03","17.74B","-0.67%"
"07/26/2019","1,717.97","1,729.26","1,730.08","1,714.81","20.91B","-0.75%"
"07/25/2019","1,730.90","1,727.13","1,732.92","1,725.47","19.92B","0.32%"
"07/24/2019","1,725.44","1,727.81","1,730.71","1,720.60","19.43B","0.03%"
"07/23/2019","1,724.87","1,730.70","1,732.69","1,719.93","20.75B","-0.16%"
"07/22/2019","1,727.58","1,733.24","1,735.88","1,723.64","18.86B","-0.43%"
"07/19/2019","1,735.10","1,734.38","1,738.70","1,732.16","18.94B","0.68%"
"07/18/2019","1,723.44","1,714.75","1,725.94","1,714.41","16.95B","0.27%"
"07/17/2019","1,718.85","1,726.04","1,729.88","1,717.82","20.70B","-0.53%"
"07/15/2019","1,727.98","1,733.77","1,737.65","1,727.98","22.26B","-0.21%"
"07/12/2019","1,731.59","1,744.73","1,746.21","1,728.36","23.53B","-0.51%"
"07/11/2019","1,740.45","1,745.85","1,748.15","1,738.63","20.67B","0.06%"
"07/10/2019","1,739.43","1,726.73","1,741.76","1,724.58","21.54B","1.04%"
"07/09/2019","1,721.48","1,728.46","1,734.35","1,721.33","24.07B","-0.55%"
"07/08/2019","1,731.03","1,727.10","1,734.13","1,722.53","22.71B","-0.01%"
"07/05/2019","1,731.23","1,725.45","1,731.84","1,719.61","21.48B","0.40%"
"07/04/2019","1,724.37","1,741.31","1,747.11","1,714.98","24.95B","-0.81%"
"07/03/2019","1,738.51","1,733.51","1,742.17","1,729.79","20.72B","0.36%"
"07/02/2019","1,732.23","1,738.84","1,741.64","1,730.05","19.69B","-0.50%"
"07/01/2019","1,740.91","1,744.13","1,747.53","1,739.48","21.55B","0.61%"
"06/28/2019","1,730.34","1,731.89","1,735.61","1,729.46","14.14B","-0.08%"
"06/27/2019","1,731.64","1,726.77","1,735.88","1,725.55","17.21B","0.55%"
"06/26/2019","1,722.21","1,717.19","1,723.24","1,715.41","16.24B","0.05%"
"06/25/2019","1,721.33","1,716.05","1,725.42","1,707.77","18.85B","0.31%"
"06/24/2019","1,716.00","1,722.64","1,724.23","1,713.02","15.07B","-0.07%"
"06/21/2019","1,717.14","1,722.60","1,727.83","1,714.09","19.62B","-0.04%"
"06/20/2019","1,717.82","1,711.37","1,722.90","1,708.12","20.22B","0.69%"
"06/19/2019","1,705.98","1,693.85","1,711.89","1,691.95","22.63B","1.33%"
"06/18/2019","1,683.60","1,667.30","1,683.78","1,665.19","18.54B","0.98%"
"06/17/2019","1,667.23","1,674.26","1,678.20","1,667.15","14.07B","-0.30%"
"06/14/2019","1,672.33","1,673.55","1,675.90","1,667.38","12.60B","-0.11%"
"06/13/2019","1,674.14","1,669.53","1,675.84","1,663.39","16.04B","0.18%"
"06/12/2019","1,671.11","1,669.08","1,672.50","1,665.02","12.87B","0.04%"
"06/11/2019","1,670.41","1,667.55","1,675.60","1,663.36","14.78B","0.34%"
"06/10/2019","1,664.73","1,661.72","1,667.69","1,661.37","14.46B","0.68%"
"06/07/2019","1,653.50","1,656.84","1,658.93","1,650.30","11.47B","0.01%"
"06/06/2019","1,653.41","1,648.54","1,655.33","1,643.27","14.48B","0.30%"
"06/05/2019","1,648.46","1,647.52","1,650.70","1,642.35","14.41B","0.66%"
"06/04/2019","1,637.69","1,624.65","1,640.54","1,622.99","17.86B","1.08%"
"05/31/2019","1,620.22","1,620.58","1,627.33","1,612.17","15.76B","-0.08%"
"05/30/2019","1,621.57","1,619.26","1,628.37","1,618.63","14.35B","0.14%"
"05/29/2019","1,619.36","1,631.29","1,632.06","1,618.71","15.38B","-0.78%"
"05/28/2019","1,632.04","1,627.86","1,632.47","1,618.33","20.56B","0.44%"
"05/27/2019","1,624.84","1,619.66","1,628.34","1,614.05","13.46B","0.66%"
"05/24/2019","1,614.12","1,604.67","1,617.62","1,599.10","14.48B","0.27%"
"05/23/2019","1,609.79","1,622.21","1,625.98","1,608.26","13.44B","-1.05%"
"05/22/2019","1,626.91","1,616.55","1,628.06","1,616.49","14.19B","1.02%"
"05/21/2019","1,610.49","1,608.82","1,616.55","1,602.56","13.95B","0.15%"
"05/17/2019","1,608.11","1,618.99","1,622.33","1,606.69","14.05B","-0.41%"
"05/16/2019","1,614.75","1,623.33","1,626.08","1,604.76","17.34B","-0.40%"
"05/15/2019","1,621.27","1,636.83","1,638.94","1,621.27","13.01B","-0.77%"
"05/14/2019","1,633.84","1,631.52","1,639.63","1,629.56","13.00B","-0.38%"
"05/13/2019","1,640.13","1,648.09","1,652.33","1,634.93","11.92B","-0.52%"
"05/10/2019","1,648.69","1,654.26","1,656.37","1,638.71","15.60B","0.11%"
"05/09/2019","1,646.80","1,653.12","1,659.38","1,646.07","13.98B","-0.44%"
"05/08/2019","1,654.01","1,662.05","1,663.40","1,650.24","14.91B","-0.94%"
"05/07/2019","1,669.68","1,669.38","1,675.16","1,665.58","13.56B","-0.56%"
"05/03/2019","1,679.05","1,676.57","1,682.06","1,676.01","11.84B","-0.01%"
"05/02/2019","1,679.17","1,677.00","1,682.50","1,675.90","12.84B","0.34%"
"04/30/2019","1,673.52","1,668.02","1,676.64","1,667.29","11.31B","0.41%"
"04/29/2019","1,666.68","1,665.57","1,669.55","1,663.33","9.39B","-0.03%"
"04/26/2019","1,667.15","1,673.28","1,674.01","1,663.14","10.86B","-0.37%"
"04/25/2019","1,673.32","1,673.25","1,678.19","1,670.84","9.01B","-0.01%"
"04/24/2019","1,673.43","1,674.43","1,676.84","1,668.06","10.80B","0.13%"
"04/23/2019","1,671.31","1,674.82","1,679.26","1,670.75","10.66B","-0.13%"
"04/22/2019","1,673.48","1,677.83","1,683.79","1,673.44","12.46B","-0.04%"
"04/19/2019","1,674.10","1,675.37","1,679.75","1,671.83","9.12B","-0.05%"
"04/18/2019","1,675.00","1,674.74","1,677.14","1,667.70","10.63B","0.11%"
"04/17/2019","1,673.20","1,665.68","1,676.00","1,664.04","12.41B","0.77%"
"04/12/2019","1,660.45","1,658.00","1,662.60","1,654.46","9.08B","0.08%"
"04/11/2019","1,659.09","1,661.57","1,662.53","1,656.33","9.34B","-0.18%"
"04/10/2019","1,662.13","1,659.29","1,664.68","1,658.26","9.97B","0.26%"
"04/09/2019","1,657.74","1,650.55","1,660.31","1,648.23","11.02B","0.70%"
"04/05/2019","1,646.18","1,646.03","1,649.99","1,643.13","8.16B","0.12%"
"04/04/2019","1,644.22","1,649.39","1,650.75","1,640.01","9.79B","-0.29%"
"04/03/2019","1,649.06","1,653.08","1,654.02","1,646.01","14.50B","-0.15%"
"04/02/2019","1,651.48","1,650.54","1,655.09","1,647.93","10.51B","0.42%"
"04/01/2019","1,644.64","1,645.37","1,651.14","1,644.22","11.05B","0.37%"
"03/29/2019","1,638.65","1,639.31","1,644.27","1,635.24","11.08B","0.27%"
"03/28/2019","1,634.25","1,626.60","1,637.60","1,625.77","15.46B","0.30%"
"03/27/2019","1,629.40","1,632.27","1,635.43","1,624.26","14.08B","-0.18%"
"03/26/2019","1,632.32","1,626.89","1,634.19","1,622.94","13.04B","0.39%"
"03/25/2019","1,625.91","1,632.03","1,636.93","1,617.89","13.72B","-1.24%"
"03/22/2019","1,646.29","1,636.69","1,646.94","1,633.67","13.68B","0.75%"
"03/21/2019","1,634.00","1,631.79","1,640.04","1,631.41","12.44B","0.39%"
"03/20/2019","1,627.62","1,631.44","1,635.42","1,626.97","12.32B","-0.15%"
"03/19/2019","1,630.09","1,617.87","1,633.26","1,617.01","13.41B","0.77%"
"03/18/2019","1,617.57","1,628.85","1,630.45","1,612.85","13.55B","-0.49%"
"03/15/2019","1,625.57","1,636.82","1,639.10","1,625.41","13.57B","-0.63%"
"03/14/2019","1,635.88","1,642.36","1,643.56","1,634.70","12.73B","-0.23%"
"03/13/2019","1,639.67","1,626.42","1,639.69","1,623.75","12.90B","0.74%"
"03/12/2019","1,627.59","1,631.88","1,633.97","1,624.55","12.35B","0.01%"
"03/11/2019","1,627.43","1,633.45","1,636.20","1,625.06","10.92B","-0.17%"
"03/08/2019","1,630.12","1,631.69","1,637.46","1,626.33","12.50B","-0.19%"
"03/07/2019","1,633.21","1,624.76","1,635.77","1,623.32","12.83B","0.47%"
"03/06/2019","1,625.51","1,636.68","1,639.42","1,624.68","14.35B","-0.82%"
"03/05/2019","1,639.00","1,633.51","1,641.56","1,629.55","12.92B","0.23%"
"03/04/2019","1,635.30","1,641.32","1,643.53","1,632.83","16.04B","-0.37%"
"03/01/2019","1,641.44","1,655.27","1,656.64","1,640.57","15.18B","-0.73%"
"02/28/2019","1,653.48","1,666.33","1,666.74","1,652.71","14.37B","-0.71%"
"02/27/2019","1,665.27","1,663.92","1,668.61","1,659.62","14.82B","0.10%"
"02/26/2019","1,663.56","1,665.89","1,670.77","1,662.81","14.78B","-0.49%"
"02/25/2019","1,671.75","1,665.30","1,674.54","1,664.92","14.26B","0.76%"
"02/22/2019","1,659.20","1,645.33","1,661.09","1,644.51","13.64B","0.72%"
"02/21/2019","1,647.32","1,646.96","1,651.80","1,642.49","11.95B","0.12%"
"02/20/2019","1,645.38","1,639.16","1,647.21","1,636.12","12.47B","0.59%"
"02/18/2019","1,635.71","1,644.99","1,647.74","1,635.71","10.60B","-0.08%"
"02/15/2019","1,636.94","1,651.10","1,652.06","1,634.87","14.86B","-0.95%"
"02/14/2019","1,652.64","1,658.41","1,659.52","1,650.13","12.78B","-0.19%"
"02/13/2019","1,655.73","1,649.09","1,657.12","1,645.84","13.09B","0.81%"
"02/12/2019","1,642.49","1,637.48","1,645.63","1,635.54","10.87B","0.27%"
"02/11/2019","1,638.00","1,644.75","1,647.49","1,632.82","13.05B","-0.83%"
"02/08/2019","1,651.68","1,647.63","1,657.58","1,637.58","17.34B","-0.09%"
"02/07/2019","1,653.11","1,659.94","1,667.01","1,649.50","14.23B","-0.34%"
"02/06/2019","1,658.71","1,655.14","1,663.49","1,653.00","11.17B","0.34%"
"02/05/2019","1,653.09","1,653.53","1,654.98","1,645.57","8.18B","-0.03%"
"02/04/2019","1,653.62","1,655.42","1,659.26","1,652.14","9.65B","0.13%"
"02/01/2019","1,651.40","1,644.61","1,655.34","1,642.24","12.02B","0.59%"
"01/31/2019","1,641.73","1,640.34","1,649.85","1,639.90","13.67B","0.56%"
"01/30/2019","1,632.60","1,626.55","1,632.83","1,622.59","11.90B","0.53%"
"01/29/2019","1,624.05","1,623.00","1,625.36","1,616.45","12.73B","-0.06%"
"01/28/2019","1,625.03","1,627.71","1,634.70","1,622.58","12.35B","0.09%"
"01/25/2019","1,623.62","1,625.59","1,628.62","1,617.78","13.25B","0.19%"
"01/24/2019","1,620.53","1,619.12","1,628.21","1,614.56","14.53B","0.19%"
"01/23/2019","1,617.38","1,601.72","1,620.51","1,600.35","17.19B","0.97%"
"01/22/2019","1,601.77","1,587.82","1,601.80","1,586.19","12.68B","0.84%"
"01/21/2019","1,588.38","1,586.72","1,595.16","1,585.24","11.69B","0.29%"
"01/18/2019","1,583.77","1,585.07","1,588.75","1,577.86","12.08B","0.22%"
"01/17/2019","1,580.30","1,578.14","1,586.88","1,576.84","12.52B","0.18%"
"01/16/2019","1,577.41","1,581.37","1,582.44","1,565.48","16.49B","0.03%"
"01/15/2019","1,577.00","1,587.17","1,590.15","1,574.37","12.27B","-0.35%"
"01/14/2019","1,582.57","1,592.58","1,594.06","1,580.56","12.26B","-0.91%"
"01/11/2019","1,597.04","1,591.21","1,597.18","1,586.93","12.09B","0.59%"
"01/10/2019","1,587.63","1,590.07","1,599.10","1,579.20","14.42B","-0.18%"
"01/09/2019","1,590.50","1,604.21","1,609.39","1,587.53","11.74B","-0.22%"
"01/08/2019","1,594.00","1,594.07","1,597.35","1,587.47","10.79B","0.08%"
"01/07/2019","1,592.72","1,584.74","1,596.97","1,582.69","11.99B","1.12%"
"01/04/2019","1,575.13","1,559.63","1,575.13","1,550.22","13.89B","0.97%"
"01/03/2019","1,560.03","1,571.48","1,578.17","1,556.77","11.33B","-0.38%"
"01/02/2019","1,565.94","1,567.09","1,575.22","1,563.66","10.19B","0.13%"
"12/28/2018","1,563.88","1,550.87","1,564.02","1,549.70","10.43B","1.00%"
"12/27/2018","1,548.37","1,582.22","1,585.77","1,546.62","13.74B","-0.55%"
"12/26/2018","1,556.93","1,556.95","1,562.00","1,548.99","11.27B","0.02%"
"12/25/2018","1,556.65","1,576.40","1,576.75","1,555.00","11.28B","-2.18%"
"12/24/2018","1,591.29","1,589.69","1,599.89","1,588.56","9.81B","-0.25%"
"12/21/2018","1,595.33","1,588.99","1,601.58","1,586.35","12.79B","-0.05%"
"12/20/2018","1,596.10","1,594.86","1,599.20","1,583.11","11.52B","-0.31%"
"12/19/2018","1,601.12","1,582.58","1,601.17","1,578.64","13.70B","1.13%"
"12/18/2018","1,583.19","1,594.10","1,595.32","1,580.58","11.97B","-1.14%"
"12/17/2018","1,601.48","1,612.87","1,615.63","1,593.37","14.31B","-0.50%"
"12/14/2018","1,609.45","1,613.23","1,620.60","1,602.42","12.61B","-0.34%"
"12/13/2018","1,614.99","1,638.96","1,642.20","1,612.91","12.40B","-1.22%"
"12/12/2018","1,634.88","1,642.42","1,644.90","1,632.34","9.59B","0.08%"
"12/11/2018","1,633.62","1,646.87","1,647.88","1,633.11","12.20B","-0.99%"
"12/07/2018","1,649.99","1,656.11","1,659.45","1,648.33","10.34B","-0.23%"
"12/06/2018","1,653.73","1,653.09","1,658.64","1,649.23","10.94B","-1.11%"
"12/04/2018","1,672.32","1,674.53","1,677.99","1,669.10","10.60B","-0.02%"
"12/03/2018","1,672.61","1,662.15","1,675.43","1,660.05","12.97B","1.88%"
"11/30/2018","1,641.80","1,640.70","1,647.89","1,633.44","10.16B","0.32%"
"11/29/2018","1,636.49","1,646.62","1,650.69","1,635.19","10.44B","-0.25%"
"11/28/2018","1,640.63","1,636.59","1,644.27","1,635.37","9.87B","0.39%"
"11/27/2018","1,634.27","1,630.08","1,636.89","1,627.54","14.99B","0.21%"
"11/26/2018","1,630.77","1,621.99","1,631.74","1,616.97","10.55B","0.53%"
"11/23/2018","1,622.10","1,607.11","1,623.01","1,600.63","12.00B","1.10%"
"11/22/2018","1,604.40","1,616.95","1,622.01","1,603.00","10.36B","-0.80%"
"11/21/2018","1,617.33","1,603.73","1,622.14","1,598.57","13.55B","0.33%"
"11/20/2018","1,612.03","1,631.81","1,632.23","1,610.18","11.19B","-1.49%"
"11/19/2018","1,636.48","1,634.10","1,640.53","1,630.96","9.53B","0.09%"
"11/16/2018","1,635.00","1,640.47","1,646.46","1,632.94","11.41B","-0.23%"
"11/15/2018","1,638.83","1,656.60","1,658.02","1,638.67","12.75B","-0.82%"
"11/14/2018","1,652.30","1,655.09","1,660.74","1,646.24","11.81B","-0.45%"
"11/13/2018","1,659.78","1,645.42","1,664.51","1,642.83","15.35B","0.30%"
"11/12/2018","1,654.85","1,672.85","1,673.42","1,654.80","10.12B","-0.82%"
"11/09/2018","1,668.52","1,675.84","1,677.51","1,664.85","11.11B","-0.79%"
"11/08/2018","1,681.73","1,685.29","1,688.90","1,681.25","11.76B","0.38%"
"11/07/2018","1,675.33","1,673.65","1,676.09","1,656.51","15.12B","0.36%"
"11/06/2018","1,669.33","1,677.45","1,684.44","1,669.22","10.61B","-0.07%"
"11/05/2018","1,670.58","1,670.46","1,673.01","1,666.50","9.70B","-0.67%"
"11/02/2018","1,681.84","1,675.09","1,687.76","1,672.09","15.33B","0.86%"
"11/01/2018","1,667.55","1,672.14","1,674.87","1,660.11","15.04B","-0.09%"
"10/31/2018","1,669.09","1,651.07","1,669.27","1,649.27","13.49B","1.87%"
"10/30/2018","1,638.51","1,638.83","1,645.31","1,633.73","11.27B","0.10%"
"10/29/2018","1,636.88","1,632.26","1,645.98","1,630.73","11.62B","0.49%"
"10/26/2018","1,628.96","1,637.48","1,639.67","1,625.33","13.38B","-0.93%"
"10/25/2018","1,644.33","1,605.91","1,645.91","1,596.40","20.31B","1.29%"
"10/24/2018","1,623.37","1,641.61","1,647.90","1,618.82","18.45B","-2.12%"
"10/22/2018","1,658.56","1,669.82","1,674.25","1,654.90","12.75B","-0.56%"
"10/19/2018","1,667.91","1,680.12","1,681.92","1,664.09","14.60B","-0.89%"
"10/18/2018","1,682.91","1,692.15","1,694.67","1,681.24","12.81B","-0.72%"
"10/17/2018","1,695.04","1,708.09","1,710.39","1,695.04","11.13B","-0.17%"
"10/16/2018","1,697.87","1,697.56","1,701.57","1,689.83","10.04B","0.10%"
"10/12/2018","1,696.16","1,690.28","1,699.60","1,688.44","10.38B","0.79%"
"10/11/2018","1,682.89","1,679.27","1,688.63","1,673.59","16.93B","-2.26%"
"10/10/2018","1,721.82","1,709.34","1,721.82","1,707.63","12.72B","1.47%"
"10/09/2018","1,696.92","1,699.99","1,708.72","1,690.92","14.11B","0.04%"
"10/08/2018","1,696.22","1,719.71","1,728.24","1,696.20","17.41B","-1.41%"
"10/05/2018","1,720.52","1,726.41","1,732.36","1,718.12","11.97B","-0.51%"
"10/04/2018","1,729.40","1,735.74","1,740.59","1,720.13","14.67B","-0.72%"
"10/03/2018","1,741.96","1,753.79","1,757.43","1,741.96","13.81B","-0.35%"
"10/02/2018","1,748.09","1,757.33","1,762.24","1,746.06","15.10B","-0.70%"
"10/01/2018","1,760.47","1,762.30","1,765.06","1,757.74","12.27B","0.23%"
"09/28/2018","1,756.41","1,757.60","1,758.95","1,751.09","11.26B","0.20%"
"09/27/2018","1,752.95","1,751.70","1,753.16","1,735.58","14.09B","0.17%"
"09/26/2018","1,749.93","1,752.52","1,755.57","1,746.99","11.12B","0.11%"
"09/25/2018","1,747.99","1,753.66","1,756.85","1,745.73","12.14B","-0.08%"
"09/24/2018","1,749.42","1,751.29","1,759.51","1,748.52","12.97B","-0.38%"
"09/21/2018","1,756.12","1,758.80","1,766.62","1,753.32","18.37B","0.23%"
"09/20/2018","1,752.11","1,757.42","1,762.17","1,749.72","20.67B","0.13%"
"09/19/2018","1,749.80","1,749.63","1,762.72","1,747.47","21.99B","0.31%"
"09/18/2018","1,744.42","1,718.49","1,748.76","1,716.75","18.57B","1.51%"
"09/17/2018","1,718.39","1,717.99","1,725.03","1,711.57","13.54B","-0.22%"
"09/14/2018","1,722.21","1,724.83","1,727.83","1,718.11","13.60B","0.25%"
"09/13/2018","1,717.96","1,691.04","1,723.48","1,690.84","18.82B","2.30%"
"09/12/2018","1,679.39","1,672.04","1,680.54","1,666.07","17.22B","0.42%"
"09/11/2018","1,672.42","1,690.65","1,694.86","1,672.40","12.26B","-1.13%"
"09/10/2018","1,691.51","1,686.78","1,692.16","1,680.50","10.78B","0.12%"
"09/07/2018","1,689.49","1,687.95","1,694.56","1,683.58","9.75B","-0.26%"
"09/06/2018","1,693.94","1,685.38","1,694.05","1,676.67","13.02B","0.45%"
"09/05/2018","1,686.37","1,709.26","1,711.37","1,685.95","13.14B","-1.64%"
"09/04/2018","1,714.41","1,722.56","1,724.86","1,713.96","12.02B","-0.40%"
"09/03/2018","1,721.21","1,721.94","1,726.30","1,718.87","9.89B","-0.02%"
"08/31/2018","1,721.58","1,714.48","1,721.99","1,712.92","13.72B","0.07%"
"08/30/2018","1,720.43","1,726.28","1,730.65","1,720.41","12.03B","-0.11%"
"08/29/2018","1,722.26","1,721.36","1,723.03","1,714.14","9.49B","0.24%"
"08/28/2018","1,718.15","1,723.96","1,728.22","1,716.57","10.24B","0.05%"
"08/27/2018","1,717.24","1,710.04","1,717.45","1,708.94","10.29B","0.79%"
"08/24/2018","1,703.82","1,701.31","1,704.59","1,697.59","19.84B","-0.06%"
"08/23/2018","1,704.80","1,705.63","1,709.90","1,701.30","9.91B","0.38%"
"08/22/2018","1,698.30","1,695.94","1,705.91","1,695.34","10.51B","0.22%"
"08/21/2018","1,694.63","1,703.82","1,707.63","1,688.59","12.46B","-0.40%"
"08/20/2018","1,701.42","1,698.97","1,705.33","1,693.90","11.13B","0.67%"
"08/17/2018","1,690.04","1,688.01","1,694.39","1,687.03","11.99B","0.54%"
"08/16/2018","1,680.96","1,673.33","1,682.43","1,664.90","14.19B","0.28%"
"08/15/2018","1,676.29","1,688.64","1,690.24","1,673.77","14.45B","-1.12%"
"08/14/2018","1,695.35","1,692.77","1,697.06","1,684.00","13.09B","-0.62%"
"08/10/2018","1,705.96","1,718.50","1,719.03","1,705.20","13.79B","-0.96%"
"08/09/2018","1,722.48","1,722.69","1,729.42","1,716.90","11.96B","0.05%"
"08/08/2018","1,721.64","1,709.16","1,723.50","1,707.59","13.34B","0.84%"
"08/07/2018","1,707.26","1,701.01","1,710.75","1,692.01","12.79B","0.65%"
"08/06/2018","1,696.24","1,718.00","1,721.05","1,694.98","13.14B","-0.93%"
"08/03/2018","1,712.09","1,708.19","1,715.48","1,706.54","12.00B","0.22%"
"08/02/2018","1,708.28","1,716.33","1,718.41","1,700.69","13.44B","-0.80%"
"08/01/2018","1,722.01","1,705.48","1,722.72","1,703.39","12.96B","1.19%"
"07/31/2018","1,701.79","1,704.04","1,709.58","1,695.59","12.26B","0.00%"
"07/26/2018","1,701.87","1,700.53","1,702.30","1,689.69","11.82B","0.70%"
"07/25/2018","1,690.08","1,678.63","1,695.20","1,678.09","14.30B","0.95%"
"07/24/2018","1,674.22","1,684.20","1,686.81","1,667.95","14.04B","-0.09%"
"07/23/2018","1,675.75","1,672.11","1,681.74","1,665.92","12.53B","0.28%"
"07/20/2018","1,671.06","1,651.36","1,674.32","1,648.44","15.74B","1.47%"
"07/19/2018","1,646.89","1,641.22","1,650.85","1,637.20","10.08B","0.67%"
"07/18/2018","1,635.85","1,632.17","1,638.52","1,630.04","10.14B","0.60%"
"07/17/2018","1,626.07","1,624.68","1,629.18","1,616.59","11.19B","-0.10%"
"07/16/2018","1,627.69","1,638.35","1,640.74","1,623.42","9.96B","-0.96%"
"07/13/2018","1,643.52","1,645.33","1,649.66","1,639.49","10.42B","0.16%"
"07/12/2018","1,640.93","1,634.73","1,646.12","1,633.53","12.13B","0.26%"
"07/11/2018","1,636.63","1,631.63","1,641.34","1,628.03","11.55B","-0.42%"
"07/10/2018","1,643.60","1,629.01","1,643.76","1,617.51","13.39B","1.27%"
"07/09/2018","1,622.96","1,626.11","1,629.21","1,620.92","10.82B","0.51%"
"07/06/2018","1,614.76","1,598.76","1,618.36","1,587.94","15.56B","0.83%"
"07/05/2018","1,601.42","1,626.78","1,628.79","1,596.55","13.75B","-1.71%"
"07/04/2018","1,629.20","1,625.17","1,632.43","1,615.90","14.48B","0.16%"
"07/03/2018","1,626.62","1,607.20","1,628.30","1,600.71","15.30B","1.20%"
"07/02/2018","1,607.27","1,597.01","1,607.41","1,586.34","12.10B","0.73%"
"06/29/2018","1,595.58","1,604.51","1,609.86","1,584.68","13.85B","-0.25%"
"06/28/2018","1,599.54","1,623.67","1,624.97","1,599.44","14.05B","-1.18%"
"06/27/2018","1,618.66","1,631.39","1,638.73","1,615.38","12.53B","-0.33%"
"06/26/2018","1,623.98","1,615.79","1,629.02","1,608.24","11.34B","0.10%"
"06/25/2018","1,622.28","1,641.02","1,646.37","1,621.12","10.43B","-0.78%"
"06/22/2018","1,634.98","1,641.58","1,648.74","1,628.16","12.83B","0.03%"
"06/21/2018","1,634.44","1,663.63","1,664.97","1,629.26","12.47B","-1.79%"
"06/20/2018","1,664.26","1,647.22","1,665.27","1,640.13","11.88B","1.51%"
"06/19/2018","1,639.54","1,667.47","1,674.28","1,633.72","16.03B","-2.39%"
"06/18/2018","1,679.68","1,694.24","1,695.44","1,679.48","10.29B","-1.47%"
"06/15/2018","1,704.82","1,706.52","1,711.40","1,695.39","12.04B","-0.29%"
"06/14/2018","1,709.86","1,714.52","1,715.65","1,699.66","12.04B","-0.49%"
"06/13/2018","1,718.34","1,726.47","1,728.54","1,716.38","10.21B","-0.52%"
"06/12/2018","1,727.29","1,725.91","1,735.84","1,724.71","13.79B","0.24%"
"06/11/2018","1,723.11","1,723.80","1,727.63","1,716.25","9.20B","0.06%"
"06/08/2018","1,722.04","1,735.78","1,736.00","1,721.88","10.47B","-0.64%"
"06/07/2018","1,733.05","1,743.63","1,746.50","1,733.01","11.53B","-0.32%"
"06/06/2018","1,738.70","1,737.23","1,744.48","1,731.98","12.71B","0.35%"
"06/05/2018","1,732.71","1,722.38","1,734.32","1,710.81","15.59B","0.66%"
"06/04/2018","1,721.29","1,718.92","1,724.71","1,715.82","15.00B","0.09%"
"06/01/2018","1,719.82","1,726.85","1,729.88","1,714.62","16.83B","-0.41%"
"05/31/2018","1,726.97","1,730.02","1,734.28","1,720.31","16.04B","0.11%"
"05/30/2018","1,725.14","1,717.50","1,726.65","1,711.73","15.88B","-0.54%"
"05/28/2018","1,734.54","1,735.81","1,738.92","1,729.66","11.84B","-0.38%"
"05/25/2018","1,741.21","1,735.95","1,741.23","1,725.06","12.35B","0.50%"
"05/24/2018","1,732.51","1,747.17","1,751.04","1,729.95","14.24B","-1.20%"
"05/23/2018","1,753.60","1,756.20","1,761.61","1,747.75","24.69B","-0.40%"
"05/22/2018","1,760.71","1,769.23","1,771.16","1,754.82","12.23B","-0.43%"
"05/21/2018","1,768.31","1,761.04","1,770.13","1,758.47","12.15B","0.81%"
"05/18/2018","1,754.17","1,752.57","1,755.53","1,745.90","11.68B","0.17%"
"05/17/2018","1,751.20","1,752.24","1,757.97","1,745.45","14.04B","0.03%"
"05/16/2018","1,750.62","1,757.90","1,761.06","1,747.32","13.97B","-0.92%"
"05/15/2018","1,766.86","1,773.41","1,774.71","1,759.22","15.13B","-0.35%"
"05/14/2018","1,773.10","1,770.32","1,774.82","1,767.23","15.51B","0.41%"
"05/11/2018","1,765.93","1,749.94","1,765.94","1,746.03","22.33B","1.09%"
"05/10/2018","1,746.89","1,762.33","1,763.06","1,744.55","12.55B","-0.57%"
"05/09/2018","1,756.90","1,761.19","1,763.25","1,751.22","12.67B","-0.19%"
"05/08/2018","1,760.25","1,780.49","1,782.08","1,756.72","13.72B","-1.10%"
"05/07/2018","1,779.80","1,785.65","1,789.77","1,776.32","9.98B","0.00%"
"05/04/2018","1,779.87","1,786.87","1,792.22","1,777.10","11.94B","-0.61%"
"05/03/2018","1,790.80","1,786.55","1,797.56","1,786.00","12.28B","-0.02%"
"05/02/2018","1,791.13","1,777.27","1,791.14","1,771.65","11.08B","0.62%"
"04/30/2018","1,780.11","1,782.10","1,784.50","1,776.94","9.94B","0.12%"
"04/27/2018","1,778.02","1,777.38","1,779.80","1,767.12","11.07B","0.27%"
"04/26/2018","1,773.20","1,780.01","1,785.28","1,770.34","11.71B","-0.36%"
"04/25/2018","1,779.52","1,781.28","1,787.00","1,772.35","12.48B","-0.49%"
"04/24/2018","1,788.20","1,796.50","1,803.21","1,784.48","13.65B","-0.11%"
"04/23/2018","1,790.14","1,800.78","1,805.78","1,789.02","12.34B","-0.62%"
"04/20/2018","1,801.28","1,797.31","1,805.73","1,787.95","12.67B","0.35%"
"04/19/2018","1,794.94","1,778.20","1,795.30","1,776.81","13.71B","1.32%"
"04/18/2018","1,771.56","1,761.83","1,772.27","1,760.67","10.75B","0.91%"
"04/17/2018","1,755.53","1,766.82","1,768.38","1,752.43","9.35B","-0.66%"
"04/12/2018","1,767.17","1,764.20","1,770.01","1,757.76","9.07B","0.22%"
"04/11/2018","1,763.22","1,763.31","1,770.47","1,756.40","10.38B","0.13%"
"04/10/2018","1,760.95","1,757.00","1,761.76","1,744.73","11.31B","0.55%"
"04/09/2018","1,751.27","1,737.08","1,752.91","1,735.38","11.43B","0.65%"
"04/05/2018","1,739.92","1,735.74","1,740.84","1,724.88","12.91B","0.87%"
"04/04/2018","1,724.98","1,767.46","1,771.58","1,724.90","17.12B","-2.28%"
"04/03/2018","1,765.24","1,773.70","1,779.04","1,764.18","11.08B","-0.96%"
"04/02/2018","1,782.28","1,774.72","1,783.73","1,771.58","9.09B","0.34%"
"03/30/2018","1,776.26","1,774.34","1,777.06","1,753.93","13.03B","0.53%"
"03/29/2018","1,766.92","1,783.72","1,789.00","1,756.62","12.45B","-1.01%"
"03/28/2018","1,784.99","1,797.84","1,802.71","1,782.07","10.55B","-0.98%"
"03/27/2018","1,802.58","1,807.79","1,810.53","1,799.88","10.51B","0.08%"
"03/26/2018","1,801.10","1,797.27","1,801.50","1,792.99","7.92B","0.38%"
"03/23/2018","1,794.21","1,780.88","1,794.21","1,779.73","10.88B","-0.24%"
"03/22/2018","1,798.55","1,809.00","1,813.64","1,796.75","10.25B","-0.16%"
"03/21/2018","1,801.43","1,806.92","1,808.85","1,796.35","9.94B","0.09%"
"03/20/2018","1,799.84","1,793.62","1,803.84","1,793.09","9.55B","0.00%"
"03/19/2018","1,799.79","1,812.33","1,812.94","1,797.58","10.51B","-0.66%"
"03/16/2018","1,811.76","1,813.00","1,818.53","1,809.41","11.82B","-0.24%"
"03/15/2018","1,816.08","1,815.12","1,820.51","1,809.94","12.41B","0.15%"
"03/14/2018","1,813.40","1,805.22","1,817.36","1,803.60","14.92B","0.19%"
"03/13/2018","1,809.90","1,797.80","1,809.90","1,793.78","14.74B","0.53%"
"03/12/2018","1,800.32","1,789.16","1,800.33","1,784.39","11.13B","1.41%"
"03/09/2018","1,775.37","1,784.88","1,786.43","1,761.63","13.75B","-0.20%"
"03/08/2018","1,778.90","1,785.44","1,794.18","1,772.79","12.93B","-0.15%"
"03/07/2018","1,781.64","1,797.04","1,798.13","1,780.12","14.63B","-0.97%"
"03/06/2018","1,799.06","1,812.27","1,817.93","1,795.34","13.78B","-0.54%"
"03/05/2018","1,808.89","1,812.27","1,817.08","1,792.14","13.92B","-0.17%"
"03/02/2018","1,811.98","1,821.17","1,825.63","1,806.84","10.60B","-0.99%"
"02/28/2018","1,830.13","1,828.62","1,840.06","1,825.67","12.07B","-0.01%"
"02/27/2018","1,830.39","1,842.92","1,852.51","1,830.03","15.92B","-0.21%"
"02/26/2018","1,834.18","1,811.54","1,834.21","1,809.33","11.05B","1.44%"
"02/23/2018","1,808.06","1,792.83","1,809.30","1,790.28","19.01B","1.09%"
"02/22/2018","1,788.63","1,801.08","1,808.58","1,787.70","16.03B","-0.70%"
"02/21/2018","1,801.16","1,812.49","1,814.83","1,797.79","12.10B","0.01%"
"02/20/2018","1,801.02","1,811.16","1,815.33","1,801.02","8.52B","-0.48%"
"02/19/2018","1,809.67","1,812.36","1,819.36","1,809.14","9.53B","0.21%"
"02/16/2018","1,805.89","1,804.60","1,809.75","1,802.39","6.89B","0.28%"
"02/15/2018","1,800.86","1,799.69","1,801.95","1,790.80","8.69B","0.49%"
"02/14/2018","1,792.09","1,805.68","1,806.78","1,792.00","9.84B","-0.44%"
"02/13/2018","1,800.03","1,804.64","1,806.11","1,797.29","9.70B","0.03%"
"02/12/2018","1,799.45","1,790.00","1,799.45","1,786.25","9.11B","0.73%"
"02/09/2018","1,786.45","1,767.31","1,788.01","1,766.82","11.58B","-0.01%"
"02/08/2018","1,786.66","1,787.24","1,796.07","1,781.18","9.39B","0.07%"
"02/07/2018","1,785.44","1,801.94","1,804.75","1,782.94","11.26B","-0.17%"
"02/06/2018","1,788.43","1,775.42","1,792.17","1,758.31","17.56B","-1.21%"
"02/05/2018","1,810.32","1,798.42","1,813.94","1,796.93","12.66B","-0.93%"
"02/02/2018","1,827.35","1,838.98","1,841.94","1,822.72","10.93B","-0.34%"
"02/01/2018","1,833.60","1,833.53","1,837.86","1,830.55","10.70B","0.37%"
"01/31/2018","1,826.86","1,820.35","1,834.26","1,819.50","10.76B","0.01%"
"01/30/2018","1,826.61","1,834.37","1,835.59","1,821.40","10.95B","-0.59%"
"01/29/2018","1,837.49","1,835.90","1,839.85","1,831.15","10.34B","0.47%"
"01/26/2018","1,828.88","1,819.45","1,829.07","1,806.13","13.33B","0.53%"
"01/25/2018","1,819.29","1,843.30","1,848.07","1,819.29","12.17B","-1.07%"
"01/24/2018","1,838.96","1,831.39","1,841.21","1,829.08","12.08B","0.39%"
"01/23/2018","1,831.78","1,830.92","1,836.68","1,825.07","14.01B","0.42%"
"01/22/2018","1,824.06","1,819.14","1,827.29","1,815.13","10.27B","0.15%"
"01/19/2018","1,821.34","1,815.20","1,821.34","1,803.55","12.18B","0.11%"
"01/18/2018","1,819.32","1,836.35","1,837.92","1,819.18","11.95B","-0.52%"
"01/17/2018","1,828.88","1,819.13","1,828.93","1,816.06","10.17B","0.39%"
"01/16/2018","1,821.83","1,829.09","1,831.45","1,816.90","11.26B","-0.05%"
"01/15/2018","1,822.66","1,819.24","1,830.68","1,818.51","14.12B","0.69%"
"01/12/2018","1,810.19","1,810.13","1,816.81","1,808.53","10.68B","0.41%"
"01/11/2018","1,802.80","1,795.08","1,804.54","1,786.47","11.60B","0.44%"
"01/10/2018","1,794.92","1,803.14","1,807.09","1,791.82","13.49B","-0.02%"
"01/09/2018","1,795.21","1,795.89","1,798.69","1,784.75","13.87B","0.13%"
"01/08/2018","1,792.81","1,799.59","1,813.17","1,792.81","12.09B","-0.15%"
"01/05/2018","1,795.45","1,793.89","1,803.93","1,787.34","12.72B","0.25%"
"01/04/2018","1,791.02","1,786.64","1,791.39","1,779.28","13.11B","0.70%"
"01/03/2018","1,778.53","1,759.61","1,779.55","1,758.07","12.69B","1.42%"
"12/29/2017","1,753.71","1,747.58","1,753.73","1,745.77","6.91B","0.60%"
"12/28/2017","1,743.29","1,755.55","1,756.64","1,734.70","9.17B","-0.55%"
"12/27/2017","1,752.89","1,756.16","1,763.36","1,751.98","9.98B","0.02%"
"12/26/2017","1,752.48","1,751.05","1,754.68","1,743.27","7.94B","0.13%"
"12/25/2017","1,750.22","1,745.64","1,752.82","1,744.34","6.27B","0.47%"
"12/22/2017","1,742.08","1,739.06","1,744.21","1,736.26","6.74B","0.30%"
"12/21/2017","1,736.91","1,739.54","1,742.04","1,734.73","7.66B","-0.07%"
"12/20/2017","1,738.16","1,734.45","1,739.29","1,728.81","9.52B","0.34%"
"12/19/2017","1,732.31","1,727.22","1,736.83","1,726.82","10.45B","0.50%"
"12/18/2017","1,723.71","1,720.41","1,727.07","1,717.33","7.73B","0.35%"
"12/15/2017","1,717.69","1,713.26","1,717.69","1,709.16","8.34B","0.16%"
"12/14/2017","1,714.99","1,709.52","1,716.14","1,707.49","8.16B","0.47%"
"12/13/2017","1,706.93","1,704.01","1,708.70","1,702.58","8.37B","0.28%"
"12/12/2017","1,702.17","1,709.54","1,710.80","1,699.98","8.38B","-0.25%"
"12/08/2017","1,706.52","1,706.69","1,712.49","1,704.07","10.68B","0.18%"
"12/07/2017","1,703.37","1,693.81","1,703.51","1,690.44","8.87B","0.53%"
"12/06/2017","1,694.39","1,694.96","1,696.63","1,686.02","10.62B","-0.19%"
"12/04/2017","1,697.61","1,704.70","1,706.48","1,692.45","7.96B","-0.12%"
"12/01/2017","1,699.65","1,704.20","1,705.97","1,696.46","9.07B","0.13%"
"11/30/2017","1,697.39","1,702.54","1,708.42","1,691.80","9.74B","-0.47%"
"11/29/2017","1,705.33","1,710.33","1,715.41","1,705.00","9.06B","-0.07%"
"11/28/2017","1,706.52","1,696.06","1,706.55","1,695.84","8.12B","0.64%"
"11/27/2017","1,695.67","1,693.99","1,699.71","1,687.43","9.47B","-0.01%"
"11/24/2017","1,695.84","1,707.80","1,710.78","1,691.45","10.28B","-0.68%"
"11/23/2017","1,707.38","1,716.47","1,719.00","1,707.33","8.98B","-0.34%"
"11/22/2017","1,713.13","1,715.29","1,722.45","1,713.12","10.39B","0.15%"
"11/21/2017","1,710.48","1,716.74","1,718.80","1,707.31","9.41B","-0.23%"
"11/20/2017","1,714.38","1,715.02","1,718.29","1,711.39","9.65B","0.29%"
"11/17/2017","1,709.38","1,701.48","1,711.49","1,697.65","9.74B","1.07%"
"11/16/2017","1,691.25","1,692.79","1,699.85","1,691.17","11.53B","0.06%"
"11/15/2017","1,690.26","1,700.05","1,701.01","1,688.65","11.00B","-0.73%"
"11/14/2017","1,702.63","1,688.96","1,704.82","1,684.82","11.71B","0.92%"
"11/13/2017","1,687.05","1,686.89","1,690.78","1,680.53","10.23B","-0.13%"
"11/10/2017","1,689.28","1,702.92","1,704.51","1,688.77","10.44B","-0.81%"
"11/09/2017","1,703.03","1,718.02","1,718.74","1,702.14","9.67B","-0.68%"
"11/08/2017","1,714.65","1,714.30","1,718.70","1,709.81","11.20B","0.11%"
"11/07/2017","1,712.75","1,716.26","1,721.08","1,711.29","10.40B","0.06%"
"11/06/2017","1,711.74","1,703.17","1,713.08","1,695.67","9.84B","0.60%"
"11/03/2017","1,701.47","1,707.02","1,707.87","1,696.66","10.37B","-0.03%"
"11/02/2017","1,701.93","1,714.62","1,716.22","1,701.93","11.79B","-0.74%"
"11/01/2017","1,714.55","1,728.80","1,729.64","1,713.70","11.80B","-0.40%"
"10/31/2017","1,721.37","1,721.02","1,726.52","1,717.63","10.08B","0.16%"
"10/30/2017","1,718.66","1,720.12","1,723.04","1,704.17","10.59B","0.15%"
"10/27/2017","1,716.03","1,712.33","1,721.88","1,712.02","9.74B","0.42%"
"10/25/2017","1,708.84","1,708.37","1,711.58","1,704.97","8.90B","0.41%"
"10/24/2017","1,701.81","1,694.33","1,706.00","1,693.03","9.06B","0.55%"
"10/20/2017","1,692.58","1,673.51","1,696.50","1,673.01","11.05B","0.54%"
"10/19/2017","1,683.43","1,707.70","1,712.52","1,681.00","14.10B","-1.41%"
"10/18/2017","1,707.53","1,723.43","1,723.61","1,707.53","12.32B","-0.98%"
"10/17/2017","1,724.47","1,726.29","1,729.80","1,719.26","11.92B","-0.13%"
"10/16/2017","1,726.67","1,719.67","1,728.62","1,719.12","16.93B","0.83%"
"10/12/2017","1,712.48","1,718.06","1,719.60","1,709.57","16.60B","-0.10%"
"10/11/2017","1,714.14","1,714.73","1,718.97","1,710.76","19.51B","0.42%"
"10/10/2017","1,706.95","1,694.53","1,708.35","1,687.01","15.41B","0.87%"
"10/09/2017","1,692.22","1,698.73","1,700.75","1,691.82","22.30B","-0.22%"
"10/06/2017","1,695.97","1,696.24","1,701.12","1,693.79","11.90B","0.30%"
"10/05/2017","1,690.87","1,689.91","1,692.95","1,685.46","11.88B","0.18%"
"10/04/2017","1,687.77","1,693.92","1,698.59","1,682.04","11.79B","-0.13%"
"10/03/2017","1,689.97","1,691.73","1,692.85","1,684.38","10.11B","0.08%"
"10/02/2017","1,688.64","1,677.22","1,691.13","1,676.97","12.82B","0.93%"
"09/29/2017","1,673.16","1,666.30","1,676.48","1,664.43","11.35B","0.41%"
"09/28/2017","1,666.36","1,672.62","1,675.32","1,660.29","10.66B","-0.23%"
"09/27/2017","1,670.27","1,671.15","1,675.44","1,663.17","10.26B","0.03%"
"09/26/2017","1,669.75","1,671.81","1,674.59","1,667.92","10.36B","0.13%"
"09/25/2017","1,667.59","1,660.55","1,669.57","1,657.78","9.72B","0.51%"
"09/22/2017","1,659.05","1,666.42","1,670.29","1,658.26","11.79B","-0.68%"
"09/21/2017","1,670.49","1,671.29","1,676.78","1,668.36","10.23B","-0.01%"
"09/20/2017","1,670.65","1,671.96","1,675.06","1,664.33","11.09B","-0.12%"
"09/19/2017","1,672.59","1,673.13","1,675.14","1,663.95","12.69B","0.14%"
"09/18/2017","1,670.20","1,663.34","1,678.23","1,662.90","11.07B","0.58%"
"09/15/2017","1,660.53","1,659.88","1,662.64","1,653.41","9.64B","0.09%"
"09/14/2017","1,659.10","1,646.37","1,661.60","1,643.80","11.60B","0.98%"
"09/13/2017","1,642.94","1,648.04","1,652.51","1,640.94","10.60B","-0.04%"
"09/12/2017","1,643.55","1,641.50","1,646.16","1,639.14","8.75B","0.37%"
"09/11/2017","1,637.54","1,637.67","1,642.88","1,634.12","10.05B","0.12%"
"09/08/2017","1,635.61","1,638.81","1,647.54","1,633.84","12.18B","0.18%"
"09/07/2017","1,632.66","1,623.97","1,634.30","1,622.34","12.38B","0.70%"
"09/06/2017","1,621.30","1,620.86","1,621.42","1,615.31","9.90B","0.05%"
"09/05/2017","1,620.42","1,620.70","1,623.95","1,616.33","8.63B","0.08%"
"09/04/2017","1,619.11","1,618.63","1,621.37","1,614.30","8.98B","0.04%"
"09/01/2017","1,618.42","1,621.40","1,624.37","1,617.33","8.40B","0.14%"
"08/31/2017","1,616.16","1,611.53","1,616.80","1,607.78","8.74B","0.17%"
"08/30/2017","1,613.34","1,617.83","1,626.22","1,610.45","10.86B","-0.05%"
"08/29/2017","1,614.14","1,586.68","1,617.73","1,585.48","13.93B","1.79%"
"08/28/2017","1,585.79","1,579.09","1,589.72","1,577.72","8.72B","0.63%"
"08/25/2017","1,575.85","1,576.42","1,577.61","1,571.13","6.35B","-0.01%"
"08/24/2017","1,575.96","1,575.55","1,577.98","1,572.10","7.10B","0.16%"
"08/23/2017","1,573.38","1,574.90","1,576.23","1,570.61","6.81B","0.01%"
"08/22/2017","1,573.19","1,571.78","1,574.92","1,569.75","6.64B","0.23%"
"08/21/2017","1,569.62","1,568.89","1,572.11","1,567.21","6.18B","0.20%"
"08/18/2017","1,566.53","1,567.17","1,568.37","1,562.01","6.19B","-0.15%"
"08/17/2017","1,568.95","1,568.89","1,570.72","1,564.75","7.84B","0.09%"
"08/16/2017","1,567.52","1,566.83","1,568.64","1,562.51","7.00B","0.02%"
"08/15/2017","1,567.19","1,567.41","1,572.07","1,565.43","6.43B","0.38%"
"08/11/2017","1,561.31","1,567.44","1,567.95","1,556.22","9.40B","-0.66%"
"08/10/2017","1,571.64","1,571.83","1,573.11","1,566.45","8.01B","0.01%"
"08/09/2017","1,571.51","1,577.95","1,578.30","1,569.40","7.49B","-0.38%"
"08/08/2017","1,577.44","1,575.37","1,579.64","1,573.21","10.83B","0.24%"
"08/07/2017","1,573.67","1,579.32","1,580.47","1,573.32","6.24B","-0.29%"
"08/04/2017","1,578.26","1,580.40","1,582.88","1,578.03","7.46B","0.00%"
"08/03/2017","1,578.25","1,580.24","1,583.70","1,577.93","8.33B","-0.14%"
"08/02/2017","1,580.54","1,580.27","1,582.59","1,577.18","8.05B","0.26%"
"08/01/2017","1,576.45","1,573.92","1,579.12","1,571.65","8.31B","0.02%"
"07/31/2017","1,576.08","1,582.22","1,582.86","1,569.79","8.42B","-0.31%"
"07/27/2017","1,581.06","1,584.74","1,585.27","1,578.58","9.40B","-0.13%"
"07/26/2017","1,583.17","1,583.52","1,586.12","1,581.70","9.94B","0.11%"
"07/25/2017","1,581.42","1,578.64","1,581.96","1,577.32","8.85B","0.30%"
"07/24/2017","1,576.73","1,574.45","1,580.19","1,573.99","7.09B","0.20%"
"07/21/2017","1,573.51","1,576.90","1,579.39","1,573.42","9.03B","-0.11%"
"07/20/2017","1,575.28","1,577.52","1,578.96","1,574.71","6.85B","-0.04%"
"07/19/2017","1,575.85","1,574.71","1,578.06","1,572.44","7.33B","0.28%"
"07/18/2017","1,571.52","1,575.35","1,577.02","1,569.16","7.46B","-0.16%"
"07/17/2017","1,574.09","1,581.45","1,582.69","1,572.61","6.99B","-0.23%"
"07/14/2017","1,577.79","1,581.45","1,582.23","1,574.66","5.87B","-0.10%"
"07/13/2017","1,579.41","1,581.43","1,584.26","1,575.83","6.59B","0.28%"
"07/12/2017","1,574.93","1,572.43","1,577.21","1,569.93","7.57B","0.36%"
"07/11/2017","1,569.24","1,570.30","1,572.02","1,564.75","6.50B","-0.01%"
"07/07/2017","1,569.44","1,567.70","1,570.60","1,565.17","6.47B","-0.01%"
"07/06/2017","1,569.64","1,575.15","1,575.78","1,564.05","8.27B","-0.34%"
"07/05/2017","1,575.02","1,575.78","1,579.28","1,573.52","6.12B","0.06%"
"07/04/2017","1,574.11","1,582.04","1,583.00","1,572.51","7.50B","-0.34%"
"07/03/2017","1,579.41","1,577.18","1,581.64","1,575.12","6.42B","0.30%"
"06/30/2017","1,574.74","1,578.19","1,580.20","1,567.16","7.86B","-0.21%"
"06/29/2017","1,578.12","1,586.91","1,590.49","1,576.94","8.16B","-0.28%"
"06/28/2017","1,582.63","1,586.51","1,587.85","1,580.86","6.91B","-0.24%"
"06/27/2017","1,586.45","1,589.47","1,591.09","1,584.22","8.17B","0.05%"
"06/26/2017","1,585.61","1,585.84","1,589.69","1,584.28","7.49B","0.21%"
"06/23/2017","1,582.36","1,582.93","1,585.41","1,581.28","9.45B","0.09%"
"06/22/2017","1,580.91","1,578.26","1,583.67","1,577.63","8.76B","0.25%"
"06/21/2017","1,577.01","1,577.29","1,578.63","1,573.70","8.02B","-0.10%"
"06/20/2017","1,578.62","1,583.74","1,584.15","1,577.67","7.76B","-0.16%"
"06/19/2017","1,581.14","1,579.74","1,583.77","1,579.32","7.35B","0.29%"
"06/16/2017","1,576.58","1,576.77","1,579.23","1,573.15","8.40B","0.19%"
"06/15/2017","1,573.53","1,575.28","1,580.52","1,573.53","10.61B","-0.22%"
"06/14/2017","1,577.00","1,574.09","1,578.53","1,570.70","10.04B","0.30%"
"06/13/2017","1,572.36","1,565.41","1,573.32","1,564.55","8.86B","0.55%"
"06/12/2017","1,563.81","1,566.85","1,569.70","1,560.75","8.10B","-0.18%"
"06/09/2017","1,566.65","1,571.12","1,571.70","1,564.53","9.86B","-0.23%"
"06/08/2017","1,570.28","1,567.76","1,571.78","1,563.31","10.79B","0.24%"
"06/07/2017","1,566.58","1,571.14","1,573.16","1,565.93","8.46B","-0.15%"
"06/06/2017","1,568.95","1,568.18","1,570.49","1,562.85","9.90B","0.13%"
"06/05/2017","1,566.85","1,572.50","1,573.13","1,562.73","8.20B","-0.05%"
"06/02/2017","1,567.60","1,565.09","1,570.96","1,564.70","8.01B","0.29%"
"06/01/2017","1,563.11","1,562.08","1,565.63","1,559.51","8.36B","0.09%"
"05/31/2017","1,561.66","1,572.06","1,574.44","1,558.22","8.24B","-0.44%"
"05/30/2017","1,568.57","1,569.84","1,572.15","1,567.62","6.98B","0.03%"
"05/29/2017","1,568.17","1,569.62","1,571.68","1,566.30","6.46B","-0.07%"
"05/26/2017","1,569.27","1,568.66","1,572.66","1,566.81","8.55B","-0.01%"
"05/25/2017","1,569.41","1,569.07","1,571.68","1,566.75","7.47B","0.21%"
"05/24/2017","1,566.15","1,565.77","1,567.92","1,563.49","7.99B","0.09%"
"05/23/2017","1,564.69","1,560.84","1,565.61","1,558.07","7.85B","0.45%"
"05/22/2017","1,557.73","1,553.67","1,560.11","1,553.64","10.61B","0.52%"
"05/19/2017","1,549.64","1,547.23","1,552.23","1,545.23","7.83B","0.24%"
"05/18/2017","1,545.88","1,544.35","1,548.60","1,541.22","7.88B","-0.16%"
"05/17/2017","1,548.29","1,547.51","1,552.55","1,545.17","9.38B","0.13%"
"05/16/2017","1,546.35","1,537.36","1,548.35","1,536.48","10.89B","0.58%"
"05/15/2017","1,537.42","1,541.56","1,542.11","1,531.68","11.67B","-0.42%"
"05/12/2017","1,543.94","1,550.12","1,550.13","1,537.43","11.05B","-0.41%"
"05/11/2017","1,550.27","1,562.89","1,564.31","1,546.81","9.87B","-0.64%"
"05/09/2017","1,560.31","1,570.61","1,571.08","1,557.60","9.31B","-0.49%"
"05/08/2017","1,568.02","1,568.00","1,571.42","1,565.74","6.51B","-0.06%"
"05/05/2017","1,569.02","1,570.70","1,571.80","1,563.95","6.75B","-0.26%"
"05/04/2017","1,573.05","1,565.77","1,574.38","1,565.59","7.14B","0.57%"
"05/03/2017","1,564.12","1,565.66","1,569.51","1,563.20","5.95B","0.00%"
"05/02/2017","1,564.12","1,566.59","1,570.07","1,563.91","6.04B","-0.14%"
"04/28/2017","1,566.32","1,568.56","1,569.12","1,562.82","7.15B","-0.03%"
"04/27/2017","1,566.77","1,566.83","1,569.36","1,563.58","7.65B","-0.04%"
"04/26/2017","1,567.47","1,562.32","1,569.10","1,559.64","9.31B","0.33%"
"04/25/2017","1,562.27","1,567.50","1,569.90","1,553.44","9.23B","-0.15%"
"04/24/2017","1,564.66","1,571.16","1,572.77","1,562.20","8.51B","-0.34%"
"04/21/2017","1,570.02","1,569.90","1,573.39","1,567.55","8.31B","0.24%"
"04/20/2017","1,566.28","1,566.70","1,572.90","1,565.67","9.98B","-0.06%"
"04/19/2017","1,567.19","1,573.88","1,575.11","1,567.03","8.96B","-0.46%"
"04/18/2017","1,574.42","1,579.62","1,583.78","1,574.42","7.34B","-0.09%"
"04/17/2017","1,575.91","1,585.78","1,585.96","1,574.80","6.43B","-0.85%"
"04/12/2017","1,589.50","1,584.97","1,589.50","1,584.40","5.86B","0.42%"
"04/11/2017","1,582.78","1,582.51","1,585.93","1,579.96","6.31B","0.10%"
"04/10/2017","1,581.19","1,580.96","1,583.04","1,576.99","6.51B","-0.15%"
"04/07/2017","1,583.53","1,580.16","1,583.88","1,575.44","9.95B","0.09%"
"04/05/2017","1,582.12","1,584.64","1,585.46","1,577.36","7.98B","-0.11%"
"04/04/2017","1,583.82","1,580.53","1,586.04","1,579.07","11.66B","0.19%"
"04/03/2017","1,580.86","1,578.48","1,583.55","1,577.78","7.45B","0.37%"
"03/31/2017","1,575.11","1,582.98","1,584.96","1,574.71","9.07B","-0.30%"
"03/30/2017","1,579.88","1,576.18","1,584.73","1,574.14","9.29B","0.31%"
"03/29/2017","1,574.97","1,575.78","1,579.59","1,573.06","7.63B","-0.11%"
"03/28/2017","1,576.72","1,573.36","1,579.59","1,572.06","7.88B","0.40%"
"03/27/2017","1,570.50","1,573.67","1,576.12","1,568.48","6.54B","-0.19%"
"03/24/2017","1,573.51","1,569.21","1,575.39","1,566.60","6.80B","0.31%"
"03/23/2017","1,568.72","1,571.48","1,573.25","1,567.42","6.96B","0.13%"
"03/22/2017","1,566.66","1,561.25","1,569.99","1,558.00","8.64B","-0.14%"
"03/21/2017","1,568.78","1,566.00","1,571.74","1,564.06","8.48B","0.34%"
"03/20/2017","1,563.54","1,564.43","1,568.29","1,561.79","7.69B","0.16%"
"03/17/2017","1,560.98","1,559.97","1,562.82","1,554.49","9.52B","0.25%"
"03/16/2017","1,557.05","1,548.89","1,559.61","1,547.42","10.88B","1.05%"
"03/15/2017","1,540.80","1,542.57","1,545.28","1,537.47","10.91B","-0.15%"
"03/14/2017","1,543.15","1,533.50","1,546.01","1,531.73","11.39B","0.50%"
"03/13/2017","1,535.51","1,537.08","1,538.10","1,528.78","10.26B","-0.29%"
"03/10/2017","1,539.91","1,547.91","1,548.59","1,537.23","9.54B","-0.60%"
"03/09/2017","1,549.24","1,548.23","1,551.20","1,544.62","9.01B","-0.16%"
"03/08/2017","1,551.73","1,549.29","1,551.73","1,534.85","13.94B","0.12%"
"03/07/2017","1,549.87","1,552.44","1,556.95","1,549.09","8.12B","-0.24%"
"03/06/2017","1,553.61","1,564.41","1,564.89","1,550.98","8.30B","-0.80%"
"03/03/2017","1,566.20","1,567.06","1,569.74","1,564.16","7.79B","-0.24%"
"03/02/2017","1,569.94","1,571.28","1,573.31","1,568.42","11.19B","0.18%"
"03/01/2017","1,567.19","1,562.03","1,567.36","1,559.85","8.62B","0.49%"
"02/28/2017","1,559.56","1,559.48","1,563.96","1,557.93","8.81B","0.10%"
"02/27/2017","1,558.03","1,560.58","1,562.86","1,555.52","10.33B","-0.42%"
"02/24/2017","1,564.59","1,566.64","1,568.43","1,561.46","10.86B","-0.17%"
"02/23/2017","1,567.32","1,569.98","1,570.27","1,562.58","10.90B","-0.30%"
"02/22/2017","1,572.04","1,567.90","1,572.22","1,561.71","10.22B","0.49%"
"02/21/2017","1,564.42","1,578.38","1,583.31","1,564.37","11.68B","-0.89%"
"02/20/2017","1,578.47","1,580.46","1,581.91","1,574.24","10.88B","0.04%"
"02/17/2017","1,577.84","1,578.86","1,583.74","1,577.26","9.61B","0.11%"
"02/16/2017","1,576.05","1,574.34","1,580.34","1,573.07","10.65B","0.17%"
"02/15/2017","1,573.37","1,571.86","1,574.91","1,560.67","13.54B","0.07%"
"02/14/2017","1,572.24","1,586.38","1,587.66","1,570.06","9.33B","-0.82%"
"02/10/2017","1,585.24","1,589.68","1,590.96","1,582.68","9.30B","0.13%"
"02/09/2017","1,583.25","1,592.91","1,595.81","1,582.60","9.95B","-0.38%"
"02/08/2017","1,589.29","1,582.54","1,594.61","1,581.60","11.62B","0.43%"
"02/07/2017","1,582.52","1,587.76","1,591.70","1,580.66","9.81B","-0.42%"
"02/06/2017","1,589.13","1,586.79","1,592.68","1,584.44","10.52B","0.39%"
"02/03/2017","1,582.95","1,573.26","1,586.06","1,571.38","9.84B","0.65%"
"02/02/2017","1,572.67","1,577.14","1,582.10","1,572.45","9.20B","-0.23%"
"02/01/2017","1,576.32","1,575.13","1,581.35","1,569.75","10.29B","-0.06%"
"01/31/2017","1,577.31","1,586.24","1,586.87","1,575.86","9.06B","-0.83%"
"01/30/2017","1,590.56","1,589.25","1,594.66","1,587.00","8.17B","-0.02%"
"01/27/2017","1,590.80","1,590.37","1,592.51","1,586.01","7.89B","-0.01%"
"01/26/2017","1,591.00","1,596.74","1,600.79","1,587.21","10.71B","0.42%"
"01/25/2017","1,584.29","1,584.05","1,588.11","1,580.07","11.78B","0.35%"
"01/24/2017","1,578.82","1,573.35","1,581.78","1,572.92","12.15B","0.51%"
"01/23/2017","1,570.79","1,567.68","1,571.01","1,565.09","9.38B","0.50%"
"01/20/2017","1,562.99","1,553.07","1,566.34","1,552.16","10.54B","0.52%"
"01/19/2017","1,554.88","1,559.48","1,560.44","1,546.56","10.30B","-0.38%"
"01/18/2017","1,560.83","1,569.28","1,572.16","1,560.76","9.66B","-0.38%"
"01/17/2017","1,566.84","1,573.01","1,577.71","1,566.17","11.81B","-0.32%"
"01/16/2017","1,571.80","1,574.15","1,576.82","1,567.65","11.41B","-0.22%"
"01/13/2017","1,575.24","1,572.67","1,576.35","1,566.81","9.10B","0.41%"
"01/12/2017","1,568.84","1,580.77","1,581.35","1,567.36","10.13B","-0.26%"
"01/11/2017","1,572.93","1,572.38","1,583.26","1,571.83","12.06B","0.05%"
"01/10/2017","1,572.10","1,563.49","1,574.04","1,563.13","10.95B","0.51%"
"01/09/2017","1,564.08","1,572.84","1,573.75","1,559.83","11.31B","-0.47%"
"01/06/2017","1,571.48","1,572.90","1,575.62","1,566.78","12.25B","0.03%"
"01/05/2017","1,571.05","1,568.39","1,574.85","1,564.84","12.64B","0.48%"
"01/04/2017","1,563.58","1,548.49","1,564.58","1,548.44","12.28B","1.34%"
"12/30/2016","1,542.94","1,539.51","1,546.58","1,538.05","7.49B","0.33%"
"12/29/2016","1,537.81","1,524.58","1,542.39","1,523.97","6.95B","0.87%"
"12/28/2016","1,524.60","1,520.40","1,526.62","1,518.68","6.80B","0.50%"
"12/27/2016","1,517.08","1,516.25","1,519.66","1,513.98","5.57B","0.12%"
"12/26/2016","1,515.23","1,512.09","1,517.08","1,511.80","5.87B","0.35%"
"12/23/2016","1,509.98","1,504.76","1,511.85","1,502.28","7.74B","0.39%"
"12/22/2016","1,504.12","1,509.09","1,510.42","1,502.29","6.66B","-0.29%"
"12/21/2016","1,508.57","1,513.68","1,515.87","1,506.75","8.30B","-0.20%"
"12/20/2016","1,511.65","1,524.64","1,524.89","1,507.91","8.65B","-0.71%"
"12/19/2016","1,522.40","1,524.15","1,527.03","1,520.89","8.58B","-0.01%"
"12/16/2016","1,522.51","1,523.47","1,527.58","1,520.73","9.50B","0.19%"
"12/15/2016","1,519.65","1,516.20","1,522.62","1,514.68","10.48B","-0.11%"
"12/14/2016","1,521.25","1,531.06","1,531.84","1,518.11","10.45B","-0.59%"
"12/13/2016","1,530.21","1,528.16","1,532.37","1,521.42","10.65B","0.25%"
"12/09/2016","1,526.32","1,531.95","1,532.84","1,522.84","9.27B","0.06%"
"12/08/2016","1,525.41","1,524.20","1,530.33","1,523.73","10.86B","0.32%"
"12/07/2016","1,520.53","1,515.61","1,523.45","1,513.28","11.92B","0.27%"
"12/06/2016","1,516.48","1,506.48","1,516.50","1,503.15","8.16B","0.99%"
"12/02/2016","1,501.66","1,514.40","1,518.29","1,498.57","8.69B","-0.71%"
"12/01/2016","1,512.38","1,519.66","1,523.63","1,510.64","10.44B","0.14%"
"11/30/2016","1,510.24","1,498.41","1,511.87","1,496.05","9.58B","0.87%"
"11/29/2016","1,497.18","1,507.59","1,509.51","1,494.51","9.37B","-0.24%"
"11/28/2016","1,500.78","1,502.57","1,505.48","1,498.93","8.47B","0.03%"
"11/25/2016","1,500.40","1,494.26","1,500.41","1,493.55","9.31B","0.69%"
"11/24/2016","1,490.11","1,495.65","1,497.62","1,487.94","8.36B","-0.42%"
"11/23/2016","1,496.36","1,491.02","1,496.38","1,488.38","9.75B","0.72%"
"11/22/2016","1,485.68","1,485.56","1,489.29","1,483.03","10.64B","0.50%"
"11/21/2016","1,478.30","1,476.82","1,482.87","1,472.65","8.55B","0.30%"
"11/18/2016","1,473.86","1,471.99","1,475.90","1,465.90","10.71B","0.00%"
"11/17/2016","1,473.85","1,477.11","1,478.30","1,467.36","10.71B","-0.05%"
"11/16/2016","1,474.64","1,483.88","1,486.45","1,474.55","12.92B","-0.12%"
"11/15/2016","1,476.46","1,474.06","1,478.63","1,463.31","17.15B","0.49%"
"11/14/2016","1,469.23","1,481.97","1,483.29","1,467.37","12.70B","-1.69%"
"11/11/2016","1,494.53","1,508.62","1,509.02","1,493.93","13.84B","-1.30%"
"11/10/2016","1,514.26","1,519.17","1,522.63","1,513.00","14.06B","0.32%"
"11/09/2016","1,509.43","1,498.81","1,509.43","1,486.32","18.52B","-0.03%"
"11/08/2016","1,509.84","1,504.49","1,510.99","1,501.96","12.53B","0.50%"
"11/07/2016","1,502.27","1,496.06","1,504.98","1,495.14","9.38B","1.12%"
"11/04/2016","1,485.70","1,489.40","1,491.44","1,478.90","12.34B","-0.49%"
"11/03/2016","1,493.08","1,499.14","1,504.84","1,493.05","10.28B","-0.37%"
"11/02/2016","1,498.65","1,502.19","1,502.57","1,494.06","8.79B","-0.39%"
"11/01/2016","1,504.52","1,500.15","1,507.74","1,499.66","9.74B","0.59%"
"10/31/2016","1,495.72","1,494.04","1,497.64","1,491.04","7.66B","0.09%"
"10/28/2016","1,494.44","1,500.72","1,501.36","1,491.32","9.92B","-0.26%"
"10/27/2016","1,498.36","1,492.20","1,500.99","1,488.72","10.77B","0.42%"
"10/26/2016","1,492.12","1,505.99","1,507.20","1,492.11","10.75B","-0.95%"
"10/25/2016","1,506.47","1,505.82","1,508.89","1,496.66","9.55B","0.41%"
"10/21/2016","1,500.37","1,494.61","1,501.22","1,491.63","9.92B","0.51%"
"10/20/2016","1,492.73","1,495.10","1,498.04","1,490.65","10.48B","0.43%"
"10/19/2016","1,486.28","1,471.78","1,490.98","1,470.51","12.36B","0.59%"
"10/18/2016","1,477.54","1,479.41","1,482.17","1,467.61","10.68B","0.01%"
"10/17/2016","1,477.34","1,470.54","1,481.18","1,463.19","12.19B","-0.02%"
"10/14/2016","1,477.61","1,461.42","1,480.47","1,448.19","20.39B","4.59%"
"10/13/2016","1,412.82","1,387.03","1,412.82","1,356.79","24.23B","0.47%"
"10/12/2016","1,406.18","1,432.42","1,435.29","1,343.13","32.41B","-2.50%"
"10/11/2016","1,442.21","1,465.79","1,467.71","1,431.70","13.66B","-1.02%"
"10/10/2016","1,457.02","1,453.36","1,470.84","1,450.87","15.61B","-3.15%"
"10/07/2016","1,504.34","1,513.18","1,514.25","1,501.00","9.99B","-0.63%"
"10/06/2016","1,513.86","1,512.64","1,518.23","1,509.71","10.68B","0.26%"
"10/05/2016","1,509.92","1,512.79","1,514.12","1,505.87","9.34B","0.01%"
"10/04/2016","1,509.78","1,496.01","1,511.06","1,494.37","9.52B","1.26%"
"10/03/2016","1,490.94","1,490.11","1,493.77","1,487.62","7.28B","0.52%"
"09/30/2016","1,483.21","1,485.82","1,490.14","1,479.46","8.14B","-0.55%"
"09/29/2016","1,491.43","1,491.37","1,498.51","1,488.26","8.65B","0.80%"
"09/28/2016","1,479.58","1,489.17","1,491.20","1,477.29","8.73B","-0.66%"
"09/27/2016","1,489.39","1,493.55","1,498.20","1,488.78","8.19B","-0.05%"
"09/26/2016","1,490.14","1,481.65","1,492.21","1,479.17","9.11B","-0.18%"
"09/23/2016","1,492.88","1,505.77","1,505.85","1,485.14","12.61B","-0.87%"
"09/22/2016","1,505.99","1,498.76","1,506.70","1,496.81","10.27B","1.27%"
"09/21/2016","1,487.17","1,481.23","1,496.93","1,480.23","12.35B","0.91%"
"09/20/2016","1,473.78","1,490.73","1,491.16","1,467.55","11.64B","-1.27%"
"09/19/2016","1,492.73","1,482.58","1,493.02","1,481.19","13.20B","0.92%"
"09/16/2016","1,479.07","1,471.14","1,479.07","1,466.76","11.64B","1.07%"
"09/15/2016","1,463.39","1,460.80","1,468.69","1,457.07","10.46B","0.36%"
"09/14/2016","1,458.19","1,445.14","1,459.89","1,444.25","13.16B","0.78%"
"09/13/2016","1,446.84","1,431.52","1,450.43","1,429.62","12.16B","2.48%"
"09/12/2016","1,411.85","1,422.78","1,432.37","1,410.87","12.82B","-2.31%"
"09/09/2016","1,445.28","1,453.60","1,458.39","1,435.67","15.35B","-0.69%"
"09/08/2016","1,455.38","1,488.16","1,490.24","1,451.46","16.61B","-2.14%"
"09/07/2016","1,487.20","1,500.81","1,511.62","1,487.20","14.07B","-0.65%"
"09/06/2016","1,496.90","1,493.32","1,502.53","1,488.99","9.78B","0.29%"
"09/05/2016","1,492.52","1,526.28","1,527.22","1,477.28","19.20B","-1.90%"
"09/02/2016","1,521.48","1,539.44","1,540.97","1,516.70","15.11B","-1.18%"
"09/01/2016","1,539.71","1,549.21","1,550.59","1,539.71","11.15B","-0.56%"
"08/31/2016","1,548.44","1,545.72","1,548.71","1,539.03","10.23B","0.15%"
"08/30/2016","1,546.13","1,548.14","1,553.15","1,546.04","10.20B","0.13%"
"08/29/2016","1,544.15","1,551.14","1,553.56","1,540.02","11.19B","-0.34%"
"08/26/2016","1,549.41","1,546.04","1,555.88","1,545.41","9.41B","0.34%"
"08/25/2016","1,544.10","1,550.98","1,554.90","1,540.42","11.30B","-0.22%"
"08/24/2016","1,547.55","1,541.07","1,550.31","1,538.20","11.10B","0.49%"
"08/23/2016","1,540.06","1,532.03","1,541.01","1,528.40","11.04B","0.05%"
"08/22/2016","1,539.24","1,537.40","1,543.46","1,535.57","10.07B","0.03%"
"08/19/2016","1,538.76","1,548.62","1,551.46","1,535.87","11.31B","-0.53%"
"08/18/2016","1,547.01","1,536.25","1,549.98","1,535.18","15.08B","1.00%"
"08/17/2016","1,531.63","1,535.74","1,539.89","1,529.99","21.17B","-0.38%"
"08/16/2016","1,537.52","1,552.76","1,556.38","1,532.86","14.83B","-0.75%"
"08/15/2016","1,549.11","1,539.96","1,558.32","1,538.77","14.65B","-0.23%"
"08/11/2016","1,552.64","1,548.81","1,553.22","1,544.10","12.57B","0.29%"
"08/10/2016","1,548.13","1,552.21","1,554.31","1,542.06","14.17B","-0.01%"
"08/09/2016","1,548.21","1,545.06","1,551.59","1,542.06","12.85B","0.39%"
"08/08/2016","1,542.26","1,538.13","1,543.36","1,532.39","12.06B","1.55%"
"08/05/2016","1,518.69","1,515.93","1,521.26","1,513.07","9.49B","0.71%"
"08/04/2016","1,507.93","1,509.79","1,514.29","1,507.10","10.12B","0.03%"
"08/03/2016","1,507.47","1,496.38","1,509.77","1,493.88","11.15B","0.67%"
"08/02/2016","1,497.51","1,508.18","1,511.83","1,497.23","14.77B","-1.00%"
"08/01/2016","1,512.62","1,531.94","1,533.75","1,511.65","15.37B","-0.75%"
"07/29/2016","1,524.07","1,527.11","1,530.35","1,522.01","12.60B","-0.03%"
"07/28/2016","1,524.58","1,516.64","1,526.61","1,510.57","12.67B","0.61%"
"07/27/2016","1,515.40","1,510.59","1,517.73","1,509.54","11.64B","0.70%"
"07/26/2016","1,504.81","1,513.69","1,515.98","1,501.56","11.65B","-0.52%"
"07/25/2016","1,512.66","1,508.66","1,516.95","1,508.20","11.54B","0.23%"
"07/22/2016","1,509.13","1,502.76","1,510.58","1,497.32","10.12B","0.43%"
"07/21/2016","1,502.70","1,511.03","1,517.59","1,502.45","11.52B","-0.49%"
"07/20/2016","1,510.03","1,500.52","1,510.64","1,499.19","10.68B","1.21%"
"07/15/2016","1,492.00","1,492.96","1,498.13","1,489.82","12.14B","0.22%"
"07/14/2016","1,488.69","1,479.44","1,489.68","1,475.97","13.12B","0.75%"
"07/13/2016","1,477.61","1,481.29","1,483.14","1,475.44","14.45B","0.18%"
"07/12/2016","1,474.92","1,473.32","1,477.28","1,466.42","13.10B","0.44%"
"07/11/2016","1,468.39","1,464.42","1,470.57","1,463.15","12.63B","0.88%"
"07/08/2016","1,455.65","1,456.73","1,459.21","1,449.87","12.68B","-0.07%"
"07/07/2016","1,456.72","1,459.04","1,464.10","1,455.67","15.68B","0.28%"
"07/06/2016","1,452.59","1,444.54","1,456.98","1,443.97","11.03B","0.17%"
"07/05/2016","1,450.07","1,455.45","1,459.80","1,447.69","11.68B","-0.31%"
"07/04/2016","1,454.56","1,452.83","1,456.29","1,448.88","11.06B","0.66%"
"06/30/2016","1,444.99","1,450.55","1,452.08","1,436.68","12.33B","0.16%"
"06/29/2016","1,442.66","1,445.41","1,449.90","1,441.54","13.89B","0.36%"
"06/28/2016","1,437.42","1,426.65","1,437.82","1,424.23","10.85B","0.92%"
"06/27/2016","1,424.31","1,411.71","1,426.68","1,410.08","11.12B","0.79%"
"06/24/2016","1,413.19","1,411.99","1,416.15","1,393.83","17.62B","-1.62%"
"06/23/2016","1,436.40","1,425.41","1,438.51","1,418.59","12.08B","0.82%"
"06/22/2016","1,424.68","1,431.90","1,434.40","1,422.27","10.36B","-0.43%"
"06/21/2016","1,430.80","1,422.79","1,433.52","1,421.36","12.68B","0.62%"
"06/20/2016","1,421.99","1,425.53","1,426.87","1,419.45","13.65B","0.05%"
"06/17/2016","1,421.32","1,415.99","1,422.22","1,412.33","11.89B","0.72%"
"06/16/2016","1,411.19","1,428.73","1,429.74","1,410.26","12.29B","-1.65%"
"06/15/2016","1,434.89","1,430.87","1,436.65","1,425.57","11.87B","0.48%"
"06/14/2016","1,428.10","1,421.67","1,429.63","1,421.45","16.57B","0.44%"
"06/13/2016","1,421.86","1,419.38","1,425.97","1,414.89","12.47B","-0.51%"
"06/10/2016","1,429.21","1,434.33","1,438.66","1,428.87","7.53B","-0.45%"
"06/09/2016","1,435.65","1,449.62","1,451.08","1,435.20","8.28B","-0.68%"
"06/08/2016","1,445.54","1,443.01","1,446.46","1,436.43","8.54B","0.22%"
"06/07/2016","1,442.42","1,448.39","1,450.28","1,440.23","9.49B","-0.07%"
"06/06/2016","1,443.42","1,441.54","1,446.43","1,440.28","9.43B","0.49%"
"06/03/2016","1,436.43","1,430.23","1,437.62","1,426.80","9.54B","0.87%"
"06/02/2016","1,424.06","1,418.72","1,429.93","1,417.79","10.44B","0.59%"
"06/01/2016","1,415.76","1,423.26","1,429.08","1,415.73","9.11B","-0.60%"
"05/31/2016","1,424.28","1,427.29","1,428.29","1,420.19","11.28B","0.01%"
"05/30/2016","1,424.12","1,422.43","1,425.66","1,418.81","9.03B","0.81%"
"05/27/2016","1,412.67","1,402.37","1,412.67","1,400.92","8.62B","0.79%"
"05/26/2016","1,401.64","1,398.68","1,404.47","1,398.08","7.54B","0.29%"
"05/25/2016","1,397.63","1,393.95","1,398.35","1,390.19","9.10B","0.97%"
"05/24/2016","1,384.26","1,381.50","1,386.15","1,376.74","9.47B","0.19%"
"05/23/2016","1,381.69","1,387.73","1,388.88","1,377.65","10.84B","-0.30%"
"05/19/2016","1,385.86","1,400.78","1,400.97","1,384.12","13.81B","-1.05%"
"05/18/2016","1,400.50","1,406.95","1,410.04","1,399.36","11.33B","-0.43%"
"05/17/2016","1,406.57","1,405.30","1,411.02","1,402.43","11.82B","0.64%"
"05/16/2016","1,397.63","1,403.24","1,406.03","1,392.99","12.29B","0.21%"
"05/13/2016","1,394.69","1,400.00","1,404.57","1,394.25","12.06B","-0.33%"
"05/12/2016","1,399.31","1,384.82","1,399.39","1,383.04","11.88B","1.22%"
"05/11/2016","1,382.41","1,391.15","1,394.18","1,382.27","10.53B","-0.56%"
"05/10/2016","1,390.13","1,387.17","1,393.62","1,384.25","9.94B","-0.29%"
"05/09/2016","1,394.14","1,389.78","1,394.28","1,381.66","8.72B","0.25%"
"05/04/2016","1,390.70","1,392.58","1,393.56","1,384.18","8.20B","-0.51%"
"05/03/2016","1,397.87","1,403.53","1,409.92","1,397.12","10.45B","-0.48%"
"04/29/2016","1,404.61","1,399.15","1,404.61","1,394.25","11.79B","0.34%"
"04/28/2016","1,399.91","1,416.35","1,419.21","1,396.16","10.24B","-0.84%"
"04/27/2016","1,411.84","1,421.80","1,423.15","1,409.17","8.43B","-0.49%"
"04/26/2016","1,418.78","1,408.00","1,421.89","1,405.55","11.74B","0.71%"
"04/25/2016","1,408.71","1,410.66","1,413.99","1,406.38","8.57B","-0.15%"
"04/22/2016","1,410.81","1,425.27","1,425.76","1,410.81","8.62B","-0.92%"
"04/21/2016","1,423.90","1,425.72","1,432.25","1,420.75","9.72B","0.63%"
"04/20/2016","1,414.96","1,416.78","1,419.77","1,407.97","9.21B","-0.07%"
"04/19/2016","1,416.00","1,403.81","1,417.96","1,402.16","9.73B","1.23%"
"04/18/2016","1,398.77","1,387.08","1,398.81","1,384.39","8.82B","0.96%"
"04/12/2016","1,385.42","1,374.92","1,386.04","1,373.83","7.66B","1.14%"
"04/11/2016","1,369.84","1,370.31","1,375.47","1,364.96","5.92B","0.01%"
"04/08/2016","1,369.64","1,357.23","1,370.68","1,351.27","10.31B","0.95%"
"04/07/2016","1,356.69","1,375.19","1,379.25","1,356.68","9.66B","-1.23%"
"04/05/2016","1,373.59","1,389.75","1,390.11","1,373.34","10.74B","-1.91%"
"04/04/2016","1,400.27","1,399.59","1,403.27","1,396.42","7.65B","-0.03%"
"04/01/2016","1,400.72","1,405.07","1,406.24","1,395.44","7.02B","-0.50%"
"03/31/2016","1,407.70","1,406.85","1,412.92","1,402.01","8.05B","-0.18%"
"03/30/2016","1,410.29","1,401.08","1,419.72","1,400.55","9.44B","1.25%"
"03/29/2016","1,392.85","1,389.04","1,394.78","1,386.29","8.21B","0.28%"
"03/28/2016","1,389.01","1,395.69","1,399.22","1,386.98","7.86B","-0.41%"
"03/25/2016","1,394.78","1,407.43","1,410.17","1,394.53","8.70B","-0.76%"
"03/24/2016","1,405.41","1,407.36","1,412.80","1,403.53","9.46B","-0.48%"
"03/23/2016","1,412.16","1,396.24","1,412.16","1,393.16","10.51B","1.07%"
"03/22/2016","1,397.20","1,400.95","1,402.03","1,391.23","10.04B","0.26%"
"03/21/2016","1,393.63","1,384.72","1,393.68","1,380.16","11.03B","0.77%"
"03/18/2016","1,382.96","1,386.46","1,388.70","1,376.41","12.12B","0.20%"
"03/17/2016","1,380.20","1,388.09","1,389.77","1,379.96","11.58B","0.17%"
"03/16/2016","1,377.80","1,387.01","1,392.24","1,370.08","17.06B","-0.37%"
"03/15/2016","1,382.93","1,389.67","1,391.76","1,380.23","10.10B","-0.81%"
"03/14/2016","1,394.27","1,401.58","1,407.21","1,392.51","10.06B","0.06%"
"03/11/2016","1,393.41","1,385.27","1,396.86","1,385.26","11.05B","1.04%"
"03/10/2016","1,379.06","1,392.13","1,392.49","1,376.34","22.38B","-0.83%"
"03/09/2016","1,390.66","1,371.35","1,391.13","1,366.81","12.54B","1.17%"
"03/08/2016","1,374.62","1,391.58","1,397.75","1,373.86","16.23B","-1.51%"
"03/07/2016","1,395.75","1,386.53","1,396.30","1,385.91","13.95B","1.18%"
"03/04/2016","1,379.53","1,385.03","1,389.24","1,376.37","10.72B","0.01%"
"03/03/2016","1,379.33","1,371.46","1,383.47","1,369.94","11.47B","1.03%"
"03/02/2016","1,365.31","1,355.01","1,372.46","1,352.81","15.52B","1.36%"
"03/01/2016","1,346.95","1,335.52","1,347.33","1,331.55","10.16B","1.09%"
"02/29/2016","1,332.37","1,342.43","1,343.94","1,331.57","7.95B","-0.80%"
"02/26/2016","1,343.07","1,338.48","1,343.51","1,335.74","8.62B","0.72%"
"02/25/2016","1,333.42","1,338.04","1,338.98","1,326.68","8.94B","0.11%"
"02/24/2016","1,331.93","1,323.01","1,336.15","1,320.91","9.20B","0.46%"
"02/23/2016","1,325.79","1,325.24","1,329.24","1,319.22","9.28B","0.42%"
"02/19/2016","1,320.19","1,295.01","1,320.23","1,293.48","9.73B","1.98%"
"02/18/2016","1,294.59","1,297.23","1,301.33","1,287.84","8.88B","0.47%"
"02/17/2016","1,288.47","1,287.25","1,288.62","1,275.72","9.76B","-0.07%"
"02/16/2016","1,289.36","1,296.69","1,298.71","1,286.26","7.84B","0.07%"
"02/15/2016","1,288.40","1,287.05","1,294.55","1,284.89","6.97B","0.93%"
"02/12/2016","1,276.49","1,282.86","1,286.20","1,270.84","8.84B","-0.33%"
"02/11/2016","1,280.74","1,300.37","1,307.25","1,280.74","10.77B","-1.84%"
"02/10/2016","1,304.74","1,300.32","1,306.35","1,296.02","7.82B","0.06%"
"02/09/2016","1,303.96","1,300.34","1,303.99","1,294.60","7.18B","-0.28%"
"02/08/2016","1,307.57","1,308.46","1,313.29","1,304.71","5.98B","0.10%"
"02/05/2016","1,306.29","1,303.97","1,307.95","1,300.24","8.03B","0.71%"
"02/04/2016","1,297.11","1,298.89","1,301.87","1,294.67","9.47B","0.41%"
"02/03/2016","1,291.77","1,277.38","1,291.87","1,275.41","8.65B","0.50%"
"02/02/2016","1,285.30","1,295.76","1,300.10","1,284.64","12.77B","-0.93%"
"02/01/2016","1,297.34","1,300.85","1,308.26","1,293.27","11.15B","-0.28%"
"01/29/2016","1,300.98","1,291.97","1,301.01","1,287.23","9.97B","0.98%"
"01/28/2016","1,288.40","1,284.21","1,288.88","1,274.53","9.78B","0.79%"
"01/27/2016","1,278.29","1,276.69","1,286.16","1,275.79","10.78B","0.81%"
"01/26/2016","1,268.07","1,261.30","1,271.50","1,259.35","8.59B","0.03%"
"01/25/2016","1,267.70","1,277.28","1,283.51","1,267.58","11.58B","-0.03%"
"01/22/2016","1,268.03","1,260.53","1,272.09","1,254.80","9.77B","1.80%"
"01/21/2016","1,245.61","1,260.77","1,263.67","1,237.56","13.78B","-0.27%"
"01/20/2016","1,248.98","1,253.43","1,257.92","1,244.94","9.32B","-1.35%"
"01/19/2016","1,266.01","1,248.76","1,269.98","1,248.39","10.11B","1.68%"
"01/18/2016","1,245.05","1,234.80","1,250.66","1,231.32","7.76B","-0.06%"
"01/15/2016","1,245.85","1,269.40","1,273.82","1,245.36","9.18B","-1.38%"
"01/14/2016","1,263.29","1,264.93","1,273.91","1,260.41","9.84B","-1.20%"
"01/13/2016","1,278.61","1,268.32","1,279.21","1,262.53","10.72B","1.86%"
"01/12/2016","1,255.30","1,232.16","1,255.78","1,231.92","9.06B","1.68%"
"01/11/2016","1,234.50","1,233.86","1,235.18","1,220.96","7.90B","-0.78%"
"01/08/2016","1,244.18","1,231.88","1,246.70","1,228.18","7.91B","1.58%"
"01/07/2016","1,224.83","1,238.06","1,244.04","1,224.83","9.62B","-2.79%"
"01/06/2016","1,260.04","1,250.14","1,260.88","1,247.89","7.91B","0.53%"
"01/05/2016","1,253.34","1,267.99","1,270.07","1,251.87","9.88B","-0.80%"
"01/04/2016","1,263.41","1,286.26","1,286.36","1,260.96","9.40B","-1.91%"